:020000040800F2
:10000000183A00209D0100080152000861440008D0
:10001000FD510008551200081D5D00080000000099
:1000200000000000000000000000000005010008C2
:10003000FD1200080000000049010008CF5300082D
:10004000B7010008B7010008B7010008B7010008B0
:10005000B7010008B7010008B7010008B7010008A0
:10006000B7010008B7010008B701000859120008DD
:10007000691200088D120008B7010008B7010008D6
:100080009D120008AD120008B7010008B701000872
:10009000B7010008B7010008B7010008B701000860
:1000A000B7010008B7010008B7010008B701000850
:1000B000B701000869540008B7010008B70100083B
:1000C000B7010008B7010008B7010008B701000830
:1000D000B7010008B7010008395B0008695C000837
:1000E00069150008B7010008B7010008DFF810D053
:1000F00000F0F4FD00480047896A0008AFF3008073
:10010000183A0020224B19680868B0E8F00F80F315
:100110000988BFF36F8F4FF0000080F311884EF015
:100120000D0E70470000000006480068006880F36C
:10013000088862B661B6BFF34F8FBFF36F8F00DFE1
:1001400000BF00BF08ED00E0EFF30980BFF36F8F41
:100150000F4B1A6820E9F00F106008B54FF05000FF
:1001600080F31188BFF34F8FBFF36F8F08F0A4F9AE
:100170004FF0000080F31188BDE808401968086856
:10018000B0E8F00F80F30988BFF36F8F704700BFAE
:100190001C010020EFF305807047000006488047EF
:1001A00006480047FEE7FEE7FEE7FEE7FEE7FEE75C
:1001B000FEE7FEE7FEE7FEE767540008ED000008F3
:1001C000202A04DB203A21FA02F00021704721FAAC
:1001D00002F3D040C2F12002914008431946704713
:1001E00040EA01039B0703D009E008C9121F08C0B9
:1001F000042AFAD203E011F8013B00F8013B521E39
:10020000F9D27047D2B201E000F8012B491EFBD2AF
:1002100070470022F6E710B513460A460446194611
:10022000FFF7F0FF204610BD421E12F8013F002BE1
:10023000FBD111F8013B02F8013B002BF9D17047CB
:1002400030B505462A460B4612F8010B13F8014B50
:1002500008B1A042F8D01CB1002802D06D1CF1E713
:10026000284630BD421C10F8011B0029FBD1801A22
:100270007047034611F8012B00F8012B002AF9D131
:10028000184670470FB400B58DB010A909900B90B7
:1002900000914FF0FF300A9000200C900548069026
:1002A000054807906A4609A80F9900F03DFC0DB07B
:1002B0005DF814FB450B0008630B00082DE9FF5F98
:1002C0001D464FF0FF3BD5E9014691465F464FF092
:1002D0000008A9697F1C01988847296A82468847D7
:1002E0000028F6D1BAF1FF3F0CD024F4C064002EF0
:1002F00019DD600614D5BAF12B0F09D0BAF12D0F14
:100300000ED103E0584604B0BDE8F09F44F4806489
:10031000A9697F1C01988847761E8246002E02DD5F
:10032000BAF1300F03D0B9F1000F26D032E0A9693D
:10033000761E44F400747F1C019888478246002E84
:1003400005DDBAF1780F06D0BAF1580F03D0B9F134
:10035000000F10D01EE0B9F1000F02D0B9F1100F5C
:1003600018D1A969761E24F400747F1C019888476F
:100370008246102002E0082000E00A20814609E0C1
:1003800008FB0908A969761E44F400747F1C0198D3
:1003900088478246002E05DD4946504600F0AFFBF7
:1003A0000028EDDAE96901988847A00502D46FF0CA
:1003B0000100A8E7E00725D1600613D5600502D546
:1003C000C8F1000000E0404629680A1D2A6009685B
:1003D000220501D5087015E0220701D5088011E03B
:1003E00008600FE02868011D29600068210502D51A
:1003F00080F8008006E0210702D5A0F8008001E027
:10040000C0F8008038467EE72DE9FF5FD2E901A7FA
:100410004FF00008916999461446DDF838B0464619
:1004200001988847054659EA0B0005D009E0A16903
:10043000761C019888470546216A28468847002887
:10044000F5D1681C03D05FEACA7005D015E04FF003
:10045000FF3004B0BDE8F09F2068011D2160D0F896
:1004600000800AE05FEACA7001D108F8015BA16967
:10047000761C7F1E019888470546002F1ADD681CF0
:1004800018D0B9F1000F0DD0E81705EBD06042117C
:1004900020F01F0059F822102A1A01209040014232
:1004A000E0D107E0BBF1000FDCD1216A2846884784
:1004B0000028D7D0E16901988847BBF1000F07D128
:1004C000002E05DD5FEACA7002D1002188F8001015
:1004D000A068B84203DDBBF1000F03D017B16FF085
:1004E0000100B6E73046B4E7F0B480EA0102D40F69
:1004F0004200B2EB410F02D20246084611464A00C2
:1005000042D0C30DDDB2C1F3C752AD1A202D35DA8A
:10051000C1F3160141F4000204B15242C5F12006B4
:1005200002FA06F12A411044B3EBD05F23D0C4B1E4
:10053000012DA0EBC35009DCF0BC4FF0004202EAF1
:10054000C352DBB200F5000000F025BB400000F113
:10055000807000EBC350A0F1807040EAD170490078
:1005600009E0490841EAC071A0EBC35000F5000062
:10057000400800EBC350F0BC00F004BB6142012214
:1005800002EB4101001BF6E7F0BC704781F000412F
:10059000AAE780F00040A7E780EA010210B502F068
:1005A0000043400022D04A001FD0010E01EB12612F
:1005B000C0F35600C2F3560240F4000042F40002B9
:1005C000A0FB022000047F39140400D0401C50EA34
:1005D000124001D44000491EC2B20C0604EBD010F8
:1005E000401C4008802A02D003E0002010BD20F00B
:1005F0000100002900DA0020184310BD30B480EA61
:10060000010202F0004530F0004221F0004013D01A
:1006100090B1C30DD40DC2F31601C0F31600E41A55
:1006200041F4000140F400027D34914201D3641C86
:1006300000E04900002C02DA30BC002070474FF483
:1006400000000023914201D3891A034340084FEA76
:100650004101F7D151B1914202D14FF0004105E083
:1006600002D24FF0010101E06FF0010103EBC45031
:10067000284430BC00F086BA2DE9FE4F804681EA5E
:100680000300C00F0C46009021F0004123F000450C
:10069000B8EB0200A94105D24046214690461C46CF
:1006A0000B46024623F00040104347D0270DC7F306
:1006B0000A00C3F30A510290401A019040286BDAF5
:1006C000C3F3130040F4801B0098924620B100232E
:1006D000D2EB030A63EB0B0B01985946C0F14002C1
:1006E000504600F0EBF906460D4650465946019A31
:1006F00000F0F3F910EB08006141002487EA115281
:1007000084EAE7731A4340D0009A62B3019A012A3F
:100710004FEA075215DC001B61EB02014FF000426B
:1007200002EA0752CDE90042001C41F58011324631
:100730002B4600F06DFA03B0BDE8F08F404621462D
:10074000F9E7001B61EB0201001C41F58013001862
:100750005B412018A2F5001747EB030140EAD57072
:10076000B6196D4111E06D084FEA360645EAC075CD
:100770004FEA0752001B61EB0201001C41F580119A
:1007800049084FEA30000019514132462B4603B068
:10079000BDE8F04F00F02DBA009801224000002380
:1007A000D0EB020263EBE073009821464FEAE0745D
:1007B000B8EB000061EB0401E9E783F000435BE77D
:1007C00081F0004158E72DE9FE4F81EA030404F06F
:1007D000004421F0004100944FF0000B23F000434F
:1007E00050EA01045ED052EA03045BD0C3F30A541A
:1007F000C1F30A552C44A4F2F3340194A0FB025433
:10080000C1F3130141F48011C3F3130343F48013C4
:1008100001FB024400FB034E840A970A44EA815418
:1008200047EA8357A4FB076802958D0A05FB0785F5
:100830004FEA932C04FB0C542705029D4FEA0658FF
:1008400047EA1637B5EB08056EEB070C870E920EDC
:1008500047EA811742EA8312A7FB0201B6EB0B01BC
:1008600064EB00042B0D43EA0C335E1844EB1C5080
:10087000DA465146E7FB0201C5F313044FEA0B3396
:1008800043EA14534FEA0432019C43EA0603A4F1FD
:100890000C040294009CCDE900B400F0B9F903B057
:1008A000BDE8F08F00200146F9E72DE9F04D81EA1F
:1008B000030404F0004B21F0004514464FF0000AF9
:1008C00023F0004150EA050220D054EA01021DD075
:1008D000C5F30A570246C5F31303C1F31300C1F36E
:1008E0000A5640F4801543F48013A7EB0608101B4A
:1008F000D64608F2FD3873EB050002D308F1010873
:1009000001E092185B41B8F1000F03DA00200146C4
:10091000BDE8F08D00204FF48011064684460EE0BD
:10092000171B73EB050705D3121B63EB0503064387
:100930004CEA010C49084FEA300092185B4150EA3A
:100940000107EDD152EA030012D082EA040083EAE3
:100950000501084305D0101BAB4106D2012200233C
:1009600006E000224FF0004302E06FF00102531056
:100970001AEB06004CEB085110EB0A0041EB0B019F
:10098000BDE8F04D00F035B9C10F80EAE0700844D1
:10099000CA079623002100F0FEB80EB5C10F80EA09
:1009A000E0700844CA07002140F233438DE80E008E
:1009B0000A460B4600F02CF903B000BD0EB540F21C
:1009C000334102910021CDE900110A460B4600F0A7
:1009D0001FF903B000BD00F0004220F00040C10D3F
:1009E000C0F3160040F400007F2901DA00207047B0
:1009F000962903DCC1F19601C84001E09639884090
:100A0000002AF4D04042704700F0004230F000402D
:100A10000AD0C10D01F56071C0F3160042EA015120
:100A2000C20840071143704700200146704701F09B
:100A3000004330B421F0004150EA010206D00A0D13
:100A4000A2F56072C1F31301002A02DC30BC002061
:100A50007047440F44EAC104C100E01830BC00EB09
:100A6000C25000F08FB80000002801DBC0F1004048
:100A7000002901DBC1F1004181427047002801DB00
:100A8000C0F10040002901DBC1F1004188427047FC
:100A900030B50B46014600202022012409E021FA4E
:100AA00002F59D4205D303FA02F5491B04FA02F54B
:100AB0002844151EA2F10102F1DC30BD202A04DB1E
:100AC000203A00FA02F1002070479140C2F1200361
:100AD00020FA03F3194390407047202A06DBCB1716
:100AE000203A41FA02F043EAE07306E041FA02F3E9
:100AF000D040C2F1200291400843194670473A287D
:100B000000D2303820F02002412A01D3A2F1370070
:100B1000884201D34FF0FF30704700000268114453
:100B20001378016018467047D16004495161044947
:100B3000116200211161114600F0E8B81D0B000898
:100B4000010D0008426842B1016811F8013B23B170
:100B5000521EC0E90012184670470121C160881E6C
:100B6000704742685AB1C368016843B983688B42D1
:100B700005D0491E521CC0E90012002070474FF0FA
:100B8000FF3070470029A8BF7047401C490008BFCC
:100B900020F00100704710B4B0FA80FC00FA0CF0AD
:100BA00050EA010404BF10BC704749B1CCF12004E5
:100BB00021FA04F411FA0CF118BF01212143084372
:100BC000A3EB0C01CB1D4FEA00614FEA102042BF9E
:100BD000002010BC704700EBC35010440029A4BF94
:100BE00010BC7047401C490008BF20F0010010BC39
:100BF000704710B5141E73F1000408DA401C41F16F
:100C0000000192185B411A4301D120F0010010BD90
:100C10002DE9F04D92469B4611B1B1FA81F202E006
:100C2000B0FA80F220329046FFF748FF04460F46A4
:100C300040EA0A0041EA0B0153465A46084313D0E2
:100C4000114653EA010019D0C8F140025046FFF79F
:100C5000B7FA05460E46504659464246FFF72EFF64
:100C6000084305D0012004E020463946BDE8F08D58
:100C70000020054346EAE0762C4337430A98630593
:100C8000E40AA0EB08000022FD0A44EA47540A30B7
:100C900002D500200146E9E7010510196941DDE9A7
:100CA000084500196941BDE8F04DA2E730B5041EC2
:100CB00071F1000404DB4FF00044404264EB010199
:100CC000141E73F1000405DB1C464FF00043524232
:100CD00063EB04038B4208BF824230BD064C074DD4
:100CE00006E0E06840F0010394E8070098471034FC
:100CF000AC42F6D3FFF7FEF9389600085896000884
:100D0000C0B24FF4F05100F0B1B900002DE9F34F3B
:100D10008BB04FF0000801F10C000C464FF0010BB6
:100D200046460DF1080A0190626901210198904739
:100D3000051E2DD0252D2CD0216A8847C0B16269AF
:100D4000012101989047216A88470028F7D1411E68
:100D500062690198904700E0761CA1690B9888476A
:100D6000216A88470028F7D1E1690B988847DBE7BB
:100D7000A1690B9888470746A84201D1761CD3E7A2
:100D8000E1690B9888477F1C02D1B8F1000F6FD042
:100D900047E1002762693D463946019890472A2875
:100DA00004D162690121019890470125DFF88892FA
:100DB0006269012101989047A0F130010A290AD205
:100DC0004F45E5DC07EB870100EB4107303FDFD4FF
:100DD00045F01005ECE7E90601D46FF000476C28F8
:100DE0000AD04C2814D0682815D06A280DD0742851
:100DF0001CD07A281AD01DE0626901210198904721
:100E00006C2802D045F0040514E045F002050DE021
:100E100045F020050AE062690121019890476828A1
:100E200002D045F0080505E045F40065626901213E
:100E300001989047C4E9015765283DD019DC58282E
:100E40007AD00CDC452837D004DC252826D0412870
:100E500031D131E046282FD047282CD12CE05B2817
:100E600077D0612828D063287CD0642823D15AE029
:100E7000D1E06F2848D008DC66281DD067281BD039
:100E8000692821D06E2816D127E0702845D0732814
:100E900068D0752847D078280DD14DE0A1690B980E
:100EA0008847054625283FF469AFE1690B988847D4
:100EB0006D1C3FF46AAFB4E023466A466FF0010050
:100EC0000B99AFF300809FE045F040006060A807F9
:100ED00023464FF0000236D43EE0E8077FF447AFE8
:100EE0002068011D21600068290501D506701BE7F7
:100EF000290701D5068017E7A90703D5F117C0E92F
:100F0000006111E706600FE745F040006060A80748
:100F100023464FF0080216D41EE040F60E0125EAE3
:100F20000100606016E045F040006060A8072346BD
:100F30004FF00A0207D40FE045F040006060A807B8
:100F400008D5234610226FF001000B99AFF3008003
:100F50005AE007E0234610226FF001000B99FFF7DB
:100F6000ADF951E04FF000094F464B46632802D0DF
:100F70005B2807D041E02079C00601D40120A060A1
:100F800001273AE062690121019890475E2805D166
:100F90004FF001096269494601989047216939B9C2
:100FA00000210A46534643F82120491C0829FADB50
:100FB000B0B3216969B9C11700EBD16253110AEBD3
:100FC000830122F01F02821A01200B689040034324
:100FD0000B6062690121019890475D28E8D1B9F161
:100FE000000F09D00020514651F82020D24341F88B
:100FF0002020401C0828F7DB02AB224600976FF048
:1010000001000B99FFF700FA00280CDA401C08D108
:10101000BBF1000F05D04FF0FF300DB0BDE8F08FF1
:10102000FFE74046F9E7E90701D108F10108064466
:101030004FF0000B78E60000CCCCCC0C70B521F062
:10104000004303430CD0C1F30A550024D5EB04053B
:1010500064EB0403D617AD1AB34102DB002001464E
:1010600070BD201841EB025170BD00007F2801D9EE
:10107000002208E0064A02EB5002C007127800D1B5
:10108000120902F00F020120904008407047000052
:10109000B095000870B58C1810F8015B15F00703C7
:1010A00001D110F8013B2A1106D110F8012B03E001
:1010B00010F8016B01F8016B5B1EF9D12B0705D409
:1010C0000023521E0DD401F8013BFAE710F8013B52
:1010D000CB1A921C03E013F8015B01F8015B521E6E
:1010E000F9D5A142D8D3002070BD70B504460025C3
:1010F0002068806800F0010018B32068806820F044
:1011000001002168886001F001F8054613E000F055
:10111000FDFF401B02280ED92068806800F0010006
:1011200048B1A06A40F01000A062E06A40F00100FF
:10113000E062012070BD2068806800F00100002896
:10114000E5D10020F6E770B505466C6AA06A00F0AC
:101150005000E0B9A06A40F40070A0622068806886
:1011600000F46020B0F5602F0DD1207B58B9A06A43
:1011700020F48070A062A06A00F4805018B9A06AC0
:1011800040F00100A062204600F0A6FA03E0206AC9
:10119000016B2846884770BD70B505466C6AA06A29
:1011A00040F04000A062E06A40F00400E0622046A7
:1011B00000F094FA70BD70B50446656A284600F0E8
:1011C0008CFA70BD38B504460025002000902068D8
:1011D000806800F0010078BB2068806840F0010062
:1011E00021688860194800681949B0FBF1F0009047
:1011F00002E00098401E009000980028F9D100F00D
:1012000085FF054619E000F081FF401B022814D934
:101210002068806800F0010078B9A06A40F01000F2
:10122000A062E06A40F00100E06200BF002084F8A4
:10123000240000BF012038BD05E02068806800F070
:1012400001000028DFD00020F5E700002800002082
:1012500040420F0000BFFEE710B5024800F026FC38
:1012600010BD00000804002010B50648006800F01A
:10127000200028B1202003494860034802F0B8FE4E
:1012800010BD0000000002404806002010B50248D2
:1012900000F00CFC10BD00001407002010B502483F
:1012A00000F004FC10BD00008C06002010B50648BC
:1012B000006800F0007030B14FF0007002494860E3
:1012C000024802F095FE10BD000002400406002016
:1012D00030B590F840500124AC40C56B6C60046898
:1012E00063604468102C04D10468A2600468E16063
:1012F00003E00468A1600468E26030BD704700004C
:1013000000B585B006A1684604F01AFD4FF4FA73E3
:10131000002207A1684600F069F805B000BD000092
:1013200041542B4349505345525645523D310000DC
:101330004F4B000010B586B004460CB1012000E010
:101340000020024606A101A804F0FAFC4FF4FA734B
:10135000002207A101A800F049F806B010BD000066
:1013600041542B4349504D55583D25640000000021
:101370004F4B000010B5044624B1012C0AD0022CBA
:1013800018D10FE040F6C4130BA20EA10EA000F07E
:101390002DF810BD40F6C41307A20AA10DA000F05D
:1013A00025F8F6E740F6C41303A206A10CA000F04E
:1013B0001DF8EEE70020ECE76E6F206368616E6752
:1013C000650000004F4B000041542B43574D4F44E4
:1013D000453D310041542B43574D4F44453D32006C
:1013E00041542B43574D4F44453D33002DE9F041C7
:1013F00088B006460C4615461F4620216846FEF773
:1014000008FF4FF000081EB9002008B0BDE8F081C9
:101410002F480088401C00B22D49088001202D492A
:1014200008802D48B0F800046FF30E002A49A1F897
:101430000004324629A1684604F082FC6846FEF7A3
:1014400011FF00F0FF084146684605F02DFA14B977
:101450000DB90120D9E7384606F080FE00201E496C
:10146000B1F80014C1F30E011B4A505411461DA0DF
:1014700004F056FC002017490880B4B1ADB12146F4
:101480001548FEF7DDFE08B1012000E0002040B95C
:1014900029461148FEF7D4FE08B1012000E00020E3
:1014A00008B10120B1E70020AFE744B121460A4866
:1014B000FEF7C6FE08B10120A7E70020A5E72946F0
:1014C0000548FEF7BDFE08B101209EE700209CE71D
:1014D00046000020480000209C07002025730D0ACC
:1014E000000000002573000010B50FA004F018FCE8
:1014F0000120FFF73FFF044614B90FA004F010FCD1
:101500000120FFF717FF044614B90EA004F008FCF1
:10151000FFF7F6FE044614B90DA004F001FC0FA07D
:1015200004F0FEFB10BD0000536574204553503895
:101530003236360D0A0000000D0A6572726F722095
:10154000310000000D0A6572726F722032000000D7
:101550000D0A6572726F7220330000000D0AC5E437
:10156000D6C3CDEAB3C9000010B54FF4804000F0F7
:1015700021FC10BD7047000038B502460023002052
:10158000009000BF92F82400012801D1022038BD4C
:10159000012082F8240000BF4868072812D2106892
:1015A000406B0C79641E04EB84051F24AC40A043FF
:1015B0000D796D1E05EB85050C68AC402043146861
:1015C000606327E048680D2812D21068006B0C7920
:1015D000E41F04EB84051F24AC40A0430D79ED1FEC
:1015E00005EB85050C68AC4020431468206311E0CE
:1015F0001068C06A0C790D3C04EB84051F24AC40D4
:10160000A0430D790D3D05EB85050C68AC402043EA
:101610001468E06208680A2812D31068C0680C7861
:101620000A3C04EB44050724AC40A0430D780A3D76
:1016300005EB45058C68AC4020431468E0600FE082
:10164000106800690C7804EB44050724AC40A04303
:101650000D7805EB45058C68AC402043146820618B
:101660000868102802D00868112827D1174C106884
:10167000A0421ED11068806800F40000F0B9106824
:10168000806840F400001468A0600868102815D134
:101690000F4800680F4CB0FBF4F000EB80004000F6
:1016A000009002E00098401E009000980028F9D1B8
:1016B00004E0906A40F020009062012300BF002007
:1016C00082F8240000BF184661E7000000240140B2
:1016D0002800002040420F0070477047704700000C
:1016E0002DE9F0410446002700250026A84614B93C
:1016F0000120BDE8F081A06810B1207D00B100BFDD
:10170000A06A30B90020E06284F82400204600F08E
:1017100089F82046FFF7E9FC0746A06A00F01000B0
:10172000002873D1002F71D1A06A20F4885040F0B6
:101730000200A062E16960680843217B40EA410041
:101740000643A068B0F5807F02D0A068012802D1CE
:101750004FF4807000E000200543207D012811D166
:10176000207B38B9A069401E4FF4006141EA403047
:10177000054307E0A06A40F02000A062E06A40F064
:101780000100E0622068406820F469402843216835
:10179000486020688068214908403043216888609B
:1017A000A068B0F5807F02D0A068012802D14FF474
:1017B000807000E00020B0F5807F03D1208A401EB9
:1017C0004FEA00582068C06A20F4700040EA080020
:1017D0002168C8622068806811490840B04208D179
:1017E0000020E062A06A20F0020040F00100A06248
:1017F00011E0A06A20F0020040F01000A062E06A50
:1018000040F00100E062012705E0FFE7A06A40F038
:101810001000A062012738466BE70000FDF7E1FFEA
:10182000FE0E1FFF10B586B0044600200290039004
:10183000049005902249206888423ED100BF21488B
:10184000806940F400701F4988610846806900F48F
:101850000070019000BF00BF00BF0846806940F0E3
:10186000040088610846806900F00400019000BF10
:1018700000BFF02002900320039002A9124800F05C
:10188000A7FA124812490860002048600021104859
:1018900081608021C160490001618900416120218E
:1018A00081610021C16100F0CFF908B1FFF762FE4C
:1018B00000BF07482062446200BF06B010BD0000B0
:1018C00000240140001002400008014008000240CE
:1018D000080400202DE9F04104460D461646002775
:1018E00057492068884203D056492068884205D16C
:1018F0005348001D006800F4702000E0002000281C
:101900007ED100BF94F82400012802D10220BDE856
:10191000F081012084F8240000BF2046FFF752FC2C
:101920000746002F6DD1A06A40F60161884340F45C
:101930008070A06243492068884209D14048001D58
:10194000006800F4702008B9012002E0002000E0E7
:10195000012078B1A06A20F48010A062206840685D
:1019600000F4806000B3A06A20F4005040F480507E
:10197000A06219E0A06A40F48010A062304920689B
:10198000884203D02F492068884205D12C48001D89
:10199000006800F4806000E0002028B1A06A20F414
:1019A000005040F48050A062A06A00F4805020B142
:1019B000E06A20F00600E06201E00020E06200BF83
:1019C000002084F8240000BF1F48216A88621F4855
:1019D000216AC8621E48216A08636FF0020021680C
:1019E00008602068806840F4807021688860226800
:1019F00002F14C0133462A46206A00F059F901E011
:101A00001AE014E02068806800F46020B0F5602FD0
:101A100006D12068806840F4A000216888600CE04E
:101A20002068806840F480102168886005E000BF6D
:101A3000002084F8240000E00127384667E7000012
:101A4000002401400028014047110008B711000898
:101A5000991100080146002291F82100022808D0BF
:101A60000420886300BF002081F8200000BF01200F
:101A700070470868006820F00E000B68186008685E
:101A8000006820F001000B68186091F840300120D8
:101A90009840CB6B5860012081F8210000BF0020E6
:101AA00081F8200000BF1046E2E7000070B5044650
:101AB000E06B05682068066894F8401004208840B0
:101AC0002840002846D006F00400002842D02068B4
:101AD000006800F0200028B92068006820F00400A9
:101AE0002168086057492068884201D1042027E016
:101AF000544914312068884201D1402020E05149E6
:101B000028312068884201D1001519E04D493C3147
:101B10002068884202D14FF4804011E04949503199
:101B20002068884202D14FF4802009E045496431A1
:101B30002068884202D14FF4800001E04FF08060BD
:101B4000404908394860E06A00287AD02046E16AB6
:101B5000884776E094F84010022088402840A0B3DF
:101B600006F0020088B32068006800F0200040B949
:101B70002068006820F00A0021680860012084F8CD
:101B8000210030492068884201D1022028E02D49F7
:101B900014312068884201D1202021E029492831D0
:101BA0002068884201D140151AE026493C3120685E
:101BB000884202D14FF4005012E02249503120688F
:101BC000884203D14FF400300AE017E01D49643128
:101BD0002068884202D14FF4001001E04FF00070FD
:101BE00018490839486000BF002084F8200000BF71
:101BF000A06A30B32046A16A884722E094F84010DA
:101C0000082088402840E0B106F00800C8B12068EC
:101C1000006820F00E002168086094F84010012050
:101C20008840E16B48600120A06384F8210000BF78
:101C3000002084F8200000BF206B10B12046216BEB
:101C4000884770BD080002400146002209B9012002
:101C50007047164B0868C01A1423B0FBF3F08000DD
:101C6000086412480838C863022081F82100086817
:101C7000026843F6F0708243D1E901031843CB6850
:101C800018430B6918434B6918438B691843CB6998
:101C9000184302430868026000208863012081F82D
:101CA0002100002081F8200000BFD1E70800024099
:101CB0002DE9F04104460D4616461F464FF0000838
:101CC00000BF94F82000012802D10220BDE8F08175
:101CD000012084F8200000BF94F8210001282CD1B5
:101CE000022084F821000020A0632068006820F012
:101CF0000100216808603B46324629462046FFF72E
:101D0000E7FAE06A30B12068006840F00E00216810
:101D100008600BE02068006820F00400216808607B
:101D20002068006840F00A002168086020680068A8
:101D300040F001002168086006E000BF002084F840
:101D4000200000BF4FF002084046BFE770B50446D0
:101D500000F0DCF906462546681C10B104480078FE
:101D6000054400BF00F0D2F9801BA842FAD370BD31
:101D70002400002010B50446B4F5804F13D107F0BD
:101D800017F901280FD008490848006806F026FA1C
:101D90000548006838B14FF0805005490860BFF32E
:101DA0004F8FBFF36F8F10BD00010020F4000020A3
:101DB00004ED00E010B5044604480068204020B15E
:101DC000024804602046FFF7D5FF10BD140401400F
:101DD0002DE9F8470346002294466EE14FF00108D2
:101DE00008FA02F4D1F8008008EA0400A0427DD18C
:101DF000DFF8DCA2D1F80480A8EB0A09D0453AD07C
:101E000014DCB8F1030F50D009DCB8F1000F31D069
:101E1000B8F1010F1CD0B8F1020F49D120E0B8F1A0
:101E2000110F18D0B8F1120F42D11EE0B9F5881F7A
:101E300025D006DCB9F5803F20D0B9F5801F37D119
:101E40001AE0B9F5001F18D0B9F5041F30D117E01A
:101E5000D1F80CC02DE0D1F80C8008F1040C28E07A
:101E6000D1F80C8008F1080C23E0D1F80C8008F1BF
:101E70000C0C1EE000BF00BF00BF00BF00BF00BFD2
:101E8000D1F80880B8F1000F02D14FF0040C0BE03C
:101E9000D1F80880B8F1010F03D14FF0080C1C6194
:101EA00002E04FF0080C5C6103E04FF0000C00E032
:101EB00000BF00BFFF2801D8984601E003F10408E5
:101EC0004646FF2802D84FEA820803E0A2F108083C
:101ED0004FEA88084746D6F800804FF00F0909FA04
:101EE00007F928EA09080CFA07F900E088E048EA4F
:101EF0000908C6F80080D1F8048008F08058B8F1CD
:101F0000805F7DD100BFDFF8CC81D8F8188048F021
:101F10000108DFF8C091C9F81880C846D8F81880C1
:101F200008F00108CDF8008000BF00BF4FEAB938C3
:101F30004FEA920958F829504FEA82784FEA187907
:101F40004FF00F0808FA09F825EA0805DFF888813C
:101F5000434502D14FF0000816E0DFF88081434589
:101F600002D14FF001080FE0DFF87481434502D140
:101F70004FF0020808E0DFF86C81434502D14FF0D2
:101F8000030801E04FF004084FEA82794FEA19791B
:101F900008FA09F848EA0505DFF84C814FEA92098A
:101FA00048F82950D1F8048008F48038B8F5803F0B
:101FB0000AD1DFF83881D8F8008048EA0008DFF855
:101FC0002C91C9F8008009E0DFF82081D8F8008062
:101FD00028EA0008DFF81491C9F80080D1F80480DD
:101FE00008F40038B8F5003F10D1DFF8008108F19F
:101FF0000408D8F8008048EA0008DFF8F09000E014
:102000005AE009F10409C9F800800DE0DFF8DC802E
:1020100008F10408D8F8008028EA0008DFF8CC901E
:1020200009F10409C9F80080D1F8048008F4801887
:10203000B8F5801F0ED1DFF8B48008F10808D8F891
:10204000008048EA0008DFF8A49009F10809C9F8FF
:1020500000800DE0DFF8948008F10808D8F80080CF
:1020600028EA0008DFF8849009F10809C9F800801F
:10207000D1F8048008F40018B8F5001F0ED1DFF87D
:102080006C8008F10C08D8F8008048EA0008DFF8F6
:102090005C9009F10C09C9F800800DE0DFF84C8074
:1020A00008F10C08D8F8008028EA0008DFF83C9016
:1020B00009F10C09C9F80080521CD1F8008028FAF7
:1020C00002F8B8F1000F7FF489AEBDE8F887000090
:1020D000000011100010024000080140000C0140F7
:1020E00000100140001401400800014000040140BC
:1020F000024693680B400BB1012000E000207047BE
:102100000AB1016101E00B040361704701480068F6
:10211000704700001C00002070B504460CB9012077
:1021200070BD94F83D0028B9002084F83C0020469A
:1021300000F03EFB242084F83D002068006820F079
:102140000100216808602068006840F400402168B0
:1021500008602068006820F400402168086000F0F2
:10216000A3FD05465C496068884206D85B48854205
:1021700001D2012007E0002005E05948854201D244
:10218000012000E00020012800D1C9E75548B5FB37
:10219000F0F62068406820F03F0030432168486036
:1021A0004D496068884201D8701C07E04FF4967072
:1021B00070434FF47A71B0FBF1F0401C2168096A5A
:1021C00021F03F0108432168086243496068884262
:1021D00014D8681E61684900B0FBF1F0401CC0F3E0
:1021E0000B00042801D204203DE0681E616849000C
:1021F000B0FBF1F0401CC0F30B0034E0A06838B92C
:10220000681E616801EB4101B0FBF1F0401C0AE07F
:10221000681E616801EBC10202EB0111B0FBF1F035
:10222000401C40F48040C0F30B0008B901201AE0C4
:10223000A06848B9681E616801EB4101B0FBF1F08C
:10224000401CC0F30B000CE0681E616801EBC1028A
:1022500002EB0111B0FBF1F0401CC0F30B0040F4A5
:10226000804040F400402168C9694CF6FF729143F8
:1022700008432168C861D4E9070108432168096857
:1022800021F0C001084321680860D4E90310084325
:102290002168896848F2FF329143084321688860C9
:1022A000D4E9050108432168C96821F0FF0108430A
:1022B0002168C8602068006840F00100216808605B
:1022C00000202064202084F83D000020206384F852
:1022D0003E0000BF24E70000A086010080841E00AD
:1022E00000093D0040420F002DE9FE4F04460F4615
:1022F00090469946DDE90CAB0E9E00200290FFF758
:1023000005FF054694F83D00202872D119230122CB
:10231000CA492046009502F013FA10B10220BDE828
:10232000FE8F00BF94F83C00012801D10220F6E79F
:10233000012084F83C0000BF2068006800F0010024
:1023400028B92068006840F0010021680860206812
:10235000006820F4006021680860222084F83D00B5
:10236000402084F83E0000202064C4F824A0A4F893
:102370002AB0608D2085B248E0624B46424639461D
:102380002046CDE9006502F08DF808B10120C6E7CE
:10239000208D88B900BF002001902068406901901D
:1023A00020688069019000BF00BF2068006840F489
:1023B0000070216808604BE0208D01281AD1206848
:1023C000006820F480602168086072B600BF0020B9
:1023D000019020684069019020688069019000BFE9
:1023E00000BF2068006840F400702168086062B691
:1023F0002EE020E1208D022819D12068006840F4E9
:1024000000602168086072B600BF0020019020685B
:102410004069019020688069019000BF00BF20687A
:10242000006820F480602168086062B610E02068CF
:10243000006840F480602168086000BF00200190BF
:1024400020684069019020688069019000BF00BF4A
:10245000E2E0208D03287DD8208D012815D12A4661
:102460003146204602F011FA08B1012057E72068F2
:102470000069616A0870606A401C6062208D401EBD
:102480002085608D401E6085C6E0208D02282CD1FD
:10249000334600226B492046009502F051F908B1FD
:1024A00001203CE772B62068006840F400702168A3
:1024B000086020680069616A0870606A401C606298
:1024C000208D401E2085608D401E608562B620688C
:1024D0000069616A0870606A401C6062208D401E5D
:1024E0002085608D401E608596E033460022554968
:1024F0002046009502F024F908B101200FE720687A
:10250000006820F480602168086072B62068006965
:10251000616A0870606A401C6062208D401E2085E0
:10252000608D401E6085484800681921B0FBF1F0BD
:102530004FF47A71B0FBF1F0C0EBC00000EB80000B
:10254000029000BF0298401E02900298A8B9002095
:10255000206300E039E0202084F83D00002084F86A
:102560003E00206C40F02000206462B600BF0020D6
:1025700084F83C0000BF0120D1E620684069C0F328
:1025800080000028DED02068006840F400702168D8
:10259000086020680069616A0870606A401C6062B7
:1025A000208D401E2085608D401E608562B62068AB
:1025B0000069616A0870606A401C6062208D401E7C
:1025C0002085608D401E608526E02A4631462046E3
:1025D00002F05BF908B10120A1E620680069616A98
:1025E0000870606A401C6062208D401E2085608DEE
:1025F000401E608520684069C0F3800060B120689B
:102600000069616A0870606A401C6062208D401E2B
:102610002085608D401E6085208D00287FF419AFD5
:10262000202084F83D00002084F83E0000BF84F89C
:102630003C0000BF73E6022071E6000002001000BB
:102640000000FFFF04000100280000202DE9FC5FCE
:1026500004460F4690469946DDE90CAB0E9EFFF707
:1026600055FD054694F83D0020287DD1192301220F
:102670004D492046009502F063F810B10220BDE8F4
:10268000FC9F00BF94F83C00012801D10220F6E72E
:10269000012084F83C0000BF2068006800F00100C1
:1026A00028B92068006840F00100216808602068AF
:1026B000006820F4006021680860212084F83D0053
:1026C000402084F83E0000202064C4F824A0A4F830
:1026D0002AB0608D20853548E0624B464246394637
:1026E0002046CDE9006501F08DFF08B10120C6E765
:1026F00031E02A463146204602F007F950B1206CFD
:10270000042805D12068006840F400702168086042
:102710000120B4E7606A007821680861606A401CA3
:102720006062208D401E2085608D401E608520687F
:102730004069C0F3800070B1208D60B1606A00789C
:1027400021680861606A401C6062208D401E2085FF
:10275000608D401E6085208D0028CAD12A463146F2
:10276000204601F0BFFF00E01CE050B1206C0428BF
:1027700005D12068006840F40070216808600120DD
:102780007DE72068006840F4007021680860202020
:1027900084F83D00002084F83E0000BF84F83C002F
:1027A00000BF6CE702206AE7020010000000FFFF94
:1027B00010B586B004460020029003900490059066
:1027C0001A49206888422FD100BF1948806940F01B
:1027D0000800174988610846806900F008000190E8
:1027E00000BF00BF4FF440700290122003900320FE
:1027F000059002A90F48FFF7EBFA00BF0E494868A1
:1028000040F0E06040F00200486000BF00BF0848B0
:10281000C06940F400100649C8610846C06900F468
:102820000010019000BF00BF06B010BD0054004072
:1028300000100240000C0140000001400348006805
:102840000349097808440149086070471C000020CA
:102850002400002010B50848006840F01000064928
:102860000860032000F0A8F8002000F007F800F04E
:102870002BF8002010BD00000020024070B5044677
:102880000E4800784FF47A71B1FBF0F00C490968FA
:10289000B1FBF0F5284600F0A3FC08B1012070BDA3
:1028A000102C07D200222146501E00F047F80548A0
:1028B000046001E00120F2E70020F0E7240000209E
:1028C000280000202000002008B500BF11488069C2
:1028D00040F001000F4988610846806900F001005E
:1028E000009000BF00BF00BF0846C06940F08050A4
:1028F000C8610846C06900F08050009000BF00BF6A
:1029000000BF0549486820F0E06040F00070486072
:1029100000BF08BD0010024000000140014608460B
:10292000002809DB00F01F0301229A4043099B00A5
:1029300003F1E023C3F8002100BF70472DE9F05FE9
:1029400080460D461646002703F022FA0746394610
:102950002A46334601F00700C0F1070ABAF1040F16
:1029600002D94FF0040A01E0C0F1070AD14600F194
:10297000040ABAF1070F02D24FF0000A01E0A0F1F9
:10298000030AD4464FF0010A0AFA09FAAAF1010A29
:102990000AEA020A0AFA0CFA4FF0010B0BFA0CFBD6
:1029A000ABF1010B0BEA030B4AEA0B04214640464C
:1029B00003F0F6F9BDE8F09F00BF00F00702064BF8
:1029C00019684FF6FF031940044B0B4343EA0221F9
:1029D000014B196000BF70470CED00E00000FA05E4
:1029E000F8B5044600260025207800F001000028F4
:1029F0006BD000274348C06900F0805070B900BF19
:102A00004048C06940F080503E49C8610846C069EE
:102A100000F08050009000BF00BF01273A480068D6
:102A200000F48070B0B93848006840F480703649CE
:102A30000860FFF76BFB064606E0FFF767FB801BAD
:102A4000642801D90320F8BD2F48006800F4807085
:102A50000028F2D02B48006A00F440752DB3A088FE
:102A600000F44070A84220D02648006A20F4407547
:102A7000012026490860002008602248056205F010
:102A8000010090B1FFF742FB064608E0FFF73EFB6E
:102A9000801B41F28831884201D90320D3E71948CD
:102AA000006A00F002000028F0D01648006A20F406
:102AB00040706168084313490862012F04D1084639
:102AC000C06920F08050C86100BF207800F002008B
:102AD000022807D10B48406820F44040A168084311
:102AE00008494860207800F01000102807D10548F8
:102AF000406820F48000E1680843024948600020F3
:102B0000A1E7000000100240007000404004424273
:102B100070B504460D460CB9012070BD5A480068D6
:102B200000F00700A8420ED25748006820F00700C6
:102B30002843554908600846006800F00700A8428D
:102B400001D00120E9E7207800F0020002281DD121
:102B5000207800F00400042805D14C48406840F477
:102B6000E0604A494860207800F00800082805D154
:102B70004648406840F460504449486043484068D3
:102B800020F0F000A168084340494860207800F038
:102B9000010078B36068012806D13C48006800F461
:102BA000003090B90120B8E76068022806D13748A4
:102BB000006800F0007040B90120AEE733480068BB
:102BC00000F0020008B90120A7E73048406820F073
:102BD0000300616808432D494860FFF797FA0646ED
:102BE00009E0FFF793FA801B41F28831884202D94D
:102BF000032092E707E02548406800F00C00616878
:102C0000B0EB810FEDD12048006800F00700A8422A
:102C10000ED91D48006820F0070028431A490860B3
:102C20000846006800F00700A84201D0012074E7C0
:102C3000207800F00400042807D11448406820F4EC
:102C4000E060E168084311494860207800F008001E
:102C5000082808D10D48406820F46050216940EAF6
:102C6000C1000A49486000F03FF808494968C1F3CB
:102C70000311074A515CC8400649086006480068CD
:102C8000FFF7FCFD002048E7002002400010024052
:102C9000EC94000828000020200000200148006873
:102CA000704700002800002000B5FFF7F7FF044937
:102CB0004968C1F30221034A515CC84000BD0000CD
:102CC00000100240FC94000800B5FFF7E7FF04493C
:102CD0004968C1F3C221034A515CC84000BD0000ED
:102CE00000100240FC940008F0B585B00FF26C0CA7
:102CF0009CE8E01001A8A0E8E0101CA52D68009554
:102D000000210022002300240020194D696801F0F1
:102D10000C05F5B1042D02D0082D19D101E015489C
:102D200019E001ADC1F38346AC5D01F4803555B1C6
:102D30000F4D6D68C5F340451DF805200D4D6543E9
:102D4000B5FBF2F302E00C4D04FB05F3184602E07C
:102D500000BF084800BF00BF05B0F0BD0203040576
:102D6000060708090A0B0C0D0E0F101001020000D7
:102D70000010024000127A0000093D00F8B5044638
:102D80000CB90120F8BD207800F00100002878D0AF
:102D9000F848406800F00C0004280CD0F548406862
:102DA00000F00C00082811D1F248406800F480308F
:102DB000B0F5803F0AD1EF48006800F400300028E9
:102DC0005FD0606800285CD10120DBE700BF60684D
:102DD000B0F5803F06D1E748006840F48030E5490F
:102DE000086028E0606858B9E248006820F4803044
:102DF000E04908600846006820F4802008601AE076
:102E00006068B0F5A02F0BD1DA48006840F480204C
:102E1000D84908600846006840F4803008600AE03D
:102E2000D448006820F48030D24908600846006821
:102E300020F48020086000BF606888B1FFF766F961
:102E4000054606E0FFF762F9401B642801D903201C
:102E500098E7C848006800F400300028F2D010E07D
:102E6000FFF754F9054606E0FFF750F9401B6428C8
:102E700001D9032086E7BF48006800F4003000282D
:102E8000F2D1207800F00200022857D1B9484068FA
:102E900000F00C0050B1B748406800F00C00082862
:102EA00018D1B448406800F4803098B9B14800683F
:102EB00000F0020020B12069012801D0012061E763
:102EC000AC48006820F0F800616940EAC100A949F7
:102ED000086033E02069E8B10120A7490860FFF7E6
:102EE00015F9054606E0FFF711F9401B022801D944
:102EF000032047E79F48006800F002000028F2D056
:102F00009C48006820F0F800616940EAC1009949D6
:102F1000086013E0002098490860FFF7F7F80546BD
:102F200006E0FFF7F3F8401B022801D9032029E748
:102F30009048006800F002000028F2D1207800F0EC
:102F4000080008282DD1A069B8B101208B4908607C
:102F5000FFF7DCF8054606E0FFF7D8F8401B02282B
:102F600001D903200EE78348406A00F002000028E0
:102F7000F2D0012002F012FA13E000207F4908602D
:102F8000FFF7C4F8054606E0FFF7C0F8401B02282B
:102F900001D90320F6E67748406A00F002000028D5
:102FA000F2D1207800F00400042873D10027714882
:102FB000C06900F0805070B900BF6E48C06940F031
:102FC00080506C49C8610846C06900F0805000908C
:102FD00000BF00BF01276A48006800F48070B0B9E4
:102FE0006748006840F4807065490860FFF78EF814
:102FF000054606E0FFF78AF8401B642801D9032044
:10300000C0E65F48006800F480700028F2D000BF7E
:10301000E068012806D15748006A40F00100554990
:10302000086227E0E06858B95248006A20F00100C1
:10303000504908620846006A20F00400086219E05E
:10304000E06805280BD14B48006A40F0040049496C
:1030500008620846006A40F0010008620AE045483C
:10306000006A20F00100434908620846006A20F027
:103070000400086200BFE068A0B1FFF747F805460A
:1030800009E0FFF743F8401B41F28831884202D93A
:10309000032077E622E03748006A00F002000028AB
:1030A000EFD012E0FFF732F8054608E0FFF72EF800
:1030B000401B41F28831884201D9032062E62D4845
:1030C000006A00F002000028F0D1012F05D1294844
:1030D000C06920F080502749C86100BFE069C8B3CB
:1030E0002448406800F00C00082860D0E0690228FD
:1030F00048D1002020490866FFF708F8054606E099
:10310000FFF704F8401B022801D903203AE61948CA
:10311000006800F000700028F2D1206AB0F5803F0E
:1031200007D11448406820F40030A16808431149D1
:103130004860D4E9080108430E49496821F4741134
:1031400008430C49486001200B490866FEF7DEFF82
:10315000054607E03DE0FEF7D9FF401B022801D9F4
:1031600003200FE60348006800F000700028F2D04A
:103170002FE0000000100240000042428004424262
:1031800000700040002014490866FEF7BFFF0546A6
:1031900006E0FEF7BBFF401B022801D90320F1E542
:1031A0000E48006800F000700028F2D111E0E069DC
:1031B000012800D1E6E50948466806F48031206A16
:1031C000814204D106F47011606A814201D001206D
:1031D000D8E50020D6E50000000042420010024081
:1031E00070B504462546681EB0F1807F01D30120EA
:1031F0000FE0681E4FF0E02148610F214FF0FF30D3
:1032000002F0CEFD00204FF0E02188610720086128
:10321000002070BD7047704710B50346002200BF04
:1032200093F83C00012801D1022010BD012083F851
:103230003C0000BF22F0FF00CC6840EA040222F408
:1032400040708C6840EA040222F480604C6840EAD6
:10325000040222F400600C6840EA040222F4805068
:103260000C6940EA040222F400504C6940EA04026E
:1032700022F48040CC6940EA04021868426400BF2E
:10328000002083F83C0000BF00BFCEE730B5024607
:103290000B4600BF92F83C00012801D1022030BD4E
:1032A000012082F83C0000BF022082F83D00106837
:1032B00044681068816824F070041868044310683A
:1032C0004460104D1068A8420BD01068B0F1804FD8
:1032D00007D00D4D1068A84203D00C4D1068A842CD
:1032E00005D121F0800158680143106881600120F8
:1032F00082F83D0000BF002082F83C0000BF00BF04
:10330000CDE70000002C0140000400400008004010
:1033100010B504460CB9012010BD94F83D0028B941
:10332000002084F83C00204600F026F8022084F8B3
:103330003D00211D206802F09FF8012084F846001E
:1033400000BF84F83E0001213F2001554020015577
:103350004120015500BF00BF012084F842004320F6
:103360000155442001554520015500BF012084F836
:103370003D000020D0E7000010B586B004460020D4
:1033800002900390049005902249206888420DD154
:1033900000BF2148806940F400601F4988610846E9
:1033A000806900F40060019000BF30E01B49206894
:1033B00088422CD100BF1848C06940F0020016496D
:1033C000C8610846C06900F00200019000BF00BF5C
:1033D00000BF0846806940F008008861084680699F
:1033E00000F00800019000BF00BF01200290002003
:1033F00003900220049002A90948FEF7E9FC00228C
:1034000006211D20FFF79AFA1D20FFF787FA06B064
:1034100010BD0000002C01400010024000040040DC
:10342000000C0140014691F83D00012801D0012027
:103430007047022081F83D00124B086898420BD07B
:103440000868B0F1804F07D00F4B0868984203D04E
:103450000E4B086898420CD10868806800F007029B
:10346000062A0CD00868006840F001000B6818605C
:1034700005E00868006840F001000B681860002053
:10348000D6E70000002C0140000400400008004086
:10349000014691F83D00012801D00120704702202B
:1034A00081F83D000868C06840F001000B68D860F2
:1034B000124B086898420BD00868B0F1804F07D0D3
:1034C0000F4B0868984203D00E4B086898420CD105
:1034D0000868806800F00702062A0CD008680068B7
:1034E00040F001000B68186005E00868006840F0D3
:1034F00001000B6818600020D0E70000002C01409C
:1035000000040040000800402DE9F04104460D464B
:1035100000BF94F83C00012802D10220BDE8F081F0
:10352000012084F83C0000BF022084F83D002068A0
:10353000866826F0770626F47F462068866028682D
:10354000502833D00CDC202850D004DC00284BD08D
:10355000102851D149E0302849D040284CD139E0D9
:1035600060282DD0702807D0B0F5805F03D0B0F56B
:10357000005F41D10DE040E0D5E902136A682068A0
:1035800001F0C5FF2068866846F0770620688660EF
:1035900033E0D5E902136A68206801F0B8FF2068BB
:1035A000806840F480402168886026E0EA686968A5
:1035B000206802F07DF85021206801F0B3FF1CE084
:1035C000EA686968206802F0BBF86021206801F0B1
:1035D000A9FF12E0EA686968206802F069F84021F2
:1035E000206801F09FFF08E000BF00BF00BF29680E
:1035F000206801F097FF00E000BF00BF012084F8C1
:103600003D0000BF002084F83C0000BF00BF85E7FC
:103610002DE9F04104460D4614B90120BDE8F081C2
:1036200094F83D0028B9002084F83C00204600F0C2
:1036300051F8022084F83D002068806844F20701B8
:10364000884321688860211D206801F015FF2068EB
:10365000D0F80880206886692068076A286840EAF0
:10366000080840F203308643A969A86840EA0120AF
:10367000064340F60C4086434FF2F0008643E9696A
:10368000E86840EA0120064328690001296A40EA07
:103690000130064327F022076969686840EA011093
:1036A00007432068C0F808802068866120680762A8
:1036B000012084F8460084F83E0001213F20015596
:1036C000012084F8420043200155012084F83D0088
:1036D0000020A3E710B586B00446002002900390B6
:1036E000049005902068B0F1804F24D100BF274896
:1036F000C06940F001002549C8610846C06900F072
:103700000100019000BF00BF00BF0846806940F083
:10371000040088610846806900F00400019000BF41
:1037200000BF0320029000200390049002A91848D3
:10373000FEF74EFB27E017492068884223D100BFDF
:103740001248C06940F004001049C8610846C069C9
:1037500000F00400019000BF00BF00BF0846806970
:1037600040F0080088610846806900F00800019078
:1037700000BF00BFC020029000200390049002A967
:103780000548FEF725FB06B010BD00000010024002
:103790000008014000080040000C01402DE9F04302
:1037A00004460D4694F83E603F20075D94F8428041
:1037B000432010F804906DB9012E02D1B8F1010F29
:1037C00002D00120BDE8F083022084F83E0084F896
:1037D000420025E0042D0CD1012F02D1B9F1010FD7
:1037E00001D00120EEE702213F2001554320015581
:1037F00016E0012E07D1012F05D1B8F1010F02D13A
:10380000B9F1010F01D00120DCE7022084F83E006D
:1038100002213F200155022084F842004320015537
:1038200015B1042D0CD105E001220021206801F022
:103830005DFE10E001220421206801F057FE0AE03D
:1038400001220021206801F051FE0122042120689C
:1038500001F04CFE00BF00BF2068006840F001008E
:10386000216808600020ADE726490978E9B9002100
:10387000254A1160254A12685162254A116000BF2D
:1038800022490968096A21F40071204A126811620C
:103890001E490968096A41F400711C4A12681162E4
:1038A00000BF0121174A11702BE018490968C96B44
:1038B000174A116000BF15490968096A21F40071AF
:1038C000124A1268116211490968096A0F4A12689E
:1038D000116200BF00210B4A117001210D4A1170C5
:1038E0001146097801290CD107490988C1EB014229
:1038F00007490988491C1144074A11800021054ADB
:10390000117070475C000020580000203005002036
:10391000540000205D0000205E0000202DE9F041F1
:1039200004460D46164600BF94F83C00012802D11B
:103930000220BDE8F081012084F83C0000BF96B968
:10394000EB68D5E90012206801F0C6FE20688069A6
:1039500020F00C002168886120688069A96808430C
:10396000216888613DE0042E13D1EB68D5E900128F
:10397000206801F0F9FE2068806920F44060216829
:10398000886120688069A96840EA0120216888610F
:1039900027E0082E12D1EB68D5E90012206801F06B
:1039A00000FF2068C06920F00C002168C861206811
:1039B000C069A96808432168C86112E0EB68D5E9CD
:1039C0000012206801F009FF2068C06920F44060FF
:1039D0002168C8612068C069A96840EA012021689F
:1039E000C86100BF002084F83C0000BF00BFA0E712
:1039F00010B504460CB9012010BD94F83D0028B95B
:103A0000002084F83C00204600F025F8022084F8CD
:103A10003D00211D206801F02FFD012084F84600A3
:103A200000BF84F83E0001213F2001554020015590
:103A30004120015500BF00BF012084F8420043200F
:103A40000155442001554520015500BF012084F84F
:103A50003D000020D0E770472DE9F04104460D46B7
:103A600015B994F83E000BE0042D02D13F20005D13
:103A700006E0082D02D14020005D01E04120005DFC
:103A8000074615B994F842000BE0042D02D14320FB
:103A9000005D06E0082D02D14420005D01E04520D4
:103AA000005D8046012F02D1B8F1010F02D0012044
:103AB000BDE8F0811DB9022084F83E000EE0042D1F
:103AC00003D102213F20015508E0082D03D1022136
:103AD0004020015502E00221412001551DB902207C
:103AE00084F842000EE0042D03D102214320015549
:103AF00008E0082D03D102214420015502E00221F3
:103B00004520015535B1042D0BD0082D10D00C2DBA
:103B10001CD114E02068C06840F002002168C86031
:103B200015E02068C06840F004002168C8600EE01D
:103B30002068C06840F008002168C86007E020687D
:103B4000C06840F010002168C86000E000BF00BFFE
:103B500001222946206801F0C9FC124920688842E8
:103B60000BD02068B0F1804F07D00F492068884201
:103B700003D00E49206888420CD12068806800F08C
:103B80000706062E0CD02068006840F0010021686E
:103B9000086005E02068006840F0010021680860C6
:103BA000002085E7002C0140000400400008004090
:103BB00010B5044620680069C0F34000D8B1206801
:103BC000C068C0F34000B0B16FF002002168086126
:103BD000012020772068806900F0030018B120469A
:103BE000FFF742FE05E0204600F0DAF8204600F03C
:103BF0008AF90020207720680069C0F38000D8B1DE
:103C00002068C068C0F38000B0B16FF00400216884
:103C10000861022020772068806900F4407018B1A4
:103C20002046FFF721FE05E0204600F0B9F82046C7
:103C300000F069F90020207720680069C0F3C00017
:103C4000D8B12068C068C0F3C000B0B16FF0080000
:103C500021680861042020772068C06900F0030013
:103C600018B12046FFF700FE05E0204600F098F866
:103C7000204600F048F90020207720680069C0F352
:103C80000010D8B12068C068C0F30010B0B16FF068
:103C9000100021680861082020772068C06900F4BE
:103CA000407018B12046FFF7DFFD05E0204600F028
:103CB00077F8204600F027F9002020772068006977
:103CC00000F0010058B12068C06800F0010030B178
:103CD0006FF0010021680861204600F07FF920683C
:103CE0000069C0F3C01058B12068C068C0F3C010AC
:103CF00030B16FF08000216808612046FFF78AFA32
:103D000020680069C0F3801058B12068C068C0F313
:103D1000801030B16FF0400021680861204600F04B
:103D200065F920680069C0F3401058B12068C06888
:103D3000C0F3401030B16FF02000216808612046C8
:103D4000FFF769FA10BD000010B586B004460020E8
:103D500002900390049005900E492068884217D184
:103D600000BF0D48806940F004000B498861084697
:103D7000806900F00400019000BF00BF4FF41060A4
:103D8000029002200390059002A90448FEF720F853
:103D900006B010BD002C0140001002400008014098
:103DA000704770B504460D46164600BF94F83C00B7
:103DB000012801D1022070BD012084F83C0000BF21
:103DC00036B1042E1BD0082E31D00C2E5ED145E02A
:103DD0002946206801F0B0FB2068806940F00800A7
:103DE000216888612068806920F00400216888616A
:103DF00020688069296908432168886147E029466D
:103E0000206801F0C9FB2068806940F400602168E7
:103E100088612068806920F480602168886120685A
:103E20008069296940EA0120216888612FE02946DC
:103E3000206801F0E5FB2068C06940F008002168B7
:103E4000C8612068C06920F004002168C86120684A
:103E5000C069296908432168C86118E029462068BB
:103E600001F002FC2068C06940F400602168C8616C
:103E70002068C06920F480602168C8612068C0693A
:103E8000296940EA01202168C86100E000BF00BF45
:103E900000BF002084F83C0000BF00BF8BE710B5D6
:103EA00004460CB9012010BD94F83D0028B900204B
:103EB00084F83C00204600F025F8022084F83D00FC
:103EC000211D206801F0D8FA012084F8460000BFC7
:103ED00084F83E0001213F2001554020015541203A
:103EE000015500BF00BF012084F842004320015566
:103EF000442001554520015500BF012084F83D00B4
:103F00000020D0E77047704770B504460D4615B9DC
:103F100094F83E000BE0042D02D13F20005D06E046
:103F2000082D02D14020005D01E04120005D012804
:103F300001D0012070BD1DB9022084F83E000EE0C2
:103F4000042D03D102213F20015508E0082D03D1A3
:103F500002214020015502E00221412001550122A9
:103F60002946206801F0C2FA19492068884201D127
:103F7000012000E0002028B12068406C40F400409F
:103F8000216848641249206888420BD02068B0F14B
:103F9000804F07D00F492068884203D00E4920681F
:103FA00088420CD12068806800F00706062E0CD0ED
:103FB0002068006840F001002168086005E0206882
:103FC000006840F00100216808600020B2E70000AE
:103FD000002C01400004004000080040024909682C
:103FE000491C014A11607047580000207047704713
:103FF00070B50446002520684069C0F3C01594F8E8
:104000003D0021280ED16DB12068406920F080006C
:1040100021684861606B10B1606BFDF71BFD2046A5
:1040200001F080FC20684069C0F3801594F83E00E0
:1040300022280ED16DB12068406920F0400021682F
:104040004861A06B10B1A06BFDF704FD204601F0A4
:104050004EFC002070BD704710B504460CB901201D
:1040600010BDA06900B100E000BF94F83D0028B980
:10407000002084F83C00204600F028F8242084F832
:104080003D002068C06820F400502168C8602046C8
:1040900001F052FC2068006920F49040216808611A
:1040A0002068406920F02A00216848612068C068C3
:1040B00040F400502168C86000202064202084F86B
:1040C0003D0084F83E000020CAE7000010B586B02D
:1040D0000446002002900390049005908F492068C8
:1040E000884237D100BF8E48806940F480408C49B7
:1040F00088610846806900F48040019000BF00BFDD
:1041000000BF0846806940F0040088610846806965
:1041100000F00400019000BF00BF4815029002208B
:1041200003900320059002A97E48FDF751FE4FF44D
:104130008060029000200390049002A97948FDF766
:1041400047FE002206212520FEF7F8FB2520FEF77A
:10415000E5FBE0E07449206888426BD100BF7048FD
:10416000C06940F400306E49C8610846C06900F477
:104170000030019000BF00BF00BF0846806940F0DA
:10418000040088610846806900F00400019000BFC7
:1041900000BF04200290022003900320059002A992
:1041A0006048FDF715FE082002900020039004905F
:1041B00002A95C48FDF70CFE5C485D4908600020E0
:1041C000486000215A4881608021C160002101615E
:1041D0004161202181610021C161FDF735FD08B1F8
:1041E000FDF7C8F900BF5248A063446200BF4F48C2
:1041F0001430504908601020486000214D4881600B
:104200008021C1600021016141618161C161FDF7CF
:104210001BFD08B1FDF7AEF900BF4648606344627C
:1042200000BF002206212620FEF788FB2620FEF78D
:1042300075FB70E04049206888426CD100BF384867
:10424000C06940F480203649C8610846C06900F45E
:104250008020019000BF00BF00BF0846806940F089
:10426000080088610846806900F00800019000BFDE
:1042700000BF08150290022003900320059002A9B8
:104280002E48FDF7A5FD4FF400600290002003903A
:10429000049002A92948FDF79BFD24483C38284991
:1042A0000860002048600021254881608021C160AD
:1042B000002101614161202181610021C161FDF77F
:1042C000C3FC08B1FDF756F900BF1D48A063446266
:1042D00000BF164850381B49086010204860002174
:1042E000184881608021C1600021016141618161C4
:1042F000C161FDF7A9FC08B1FDF73CF900BF114809
:104300006063446200BF002206212720FEF716FBEF
:104310002720FEF703FB06B010BD00000038014067
:104320000010024000080140004400406C000240C0
:104330008C060020D006002000480040000C014000
:10434000140700205807002070B504460D46164695
:1043500094F83E00202816D105B10EB9012070BD99
:1043600000BF94F83C00012801D10220F7E70120AA
:1043700084F83C0000BF00202063324629462046D6
:1043800001F058FBEBE70220E9E7704770472DE9A1
:10439000F84F04460E46174699464FF0000A94F827
:1043A0003D0020285AD106B117B90120BDE8F88F89
:1043B00000BF94F83C00012801D10220F6E701205B
:1043C00084F83C0000BF00202064212084F83D00D8
:1043D000FDF79CFE8246A784E784A068B0F5805F65
:1043E00004D1206910B90025B04602E035464FF0EF
:1043F000000800BF002084F83C0000BF1BE05346CB
:10440000002280212046CDF8009001F05FFB08B12A
:104410000320CBE745B9B8F80000C0F308002168D5
:10442000486008F1020803E02878216848606D1CA4
:10443000E08C401EE084E08C0028E0D1534600224E
:1044400040212046CDF8009001F040FB08B1032048
:10445000ACE7202084F83D000020A7E70220A5E774
:1044600000BFFEE7014608684069C0F38020B0B194
:104470006FF480600A68506100200863202081F892
:104480003D00002081F83E00086C40F00400086404
:1044900000BF002081F83C0000BF012070470020D1
:1044A000FCE700002DE9F84304460F4615469946FF
:1044B000DDE908862068006840F4806021680860B3
:1044C0002068006840F4807021680860434600223C
:1044D0004FF001112046009600F032F960B12068DB
:1044E000006800F48070B0F5807F02D14FF4007056
:1044F00020640320BDE8F88307F0FE00216808610E
:10450000334642463E49204600F05DF908B101209D
:10451000F0E700BF0020009020684069009020680C
:104520008069009000BF00BF32464146204600F03F
:10453000ECF950B1206C042805D12068006840F4E3
:104540000070216808600120D4E7B9F1010F03D1A0
:10455000E8B22168086117E0C5F307202168086107
:1045600032464146204600F0D0F950B1206C042874
:1045700005D12068006840F40070216808600120BF
:10458000B8E7E8B22168086132464146204600F0AB
:10459000BCF950B1206C042805D12068006840F4B3
:1045A0000070216808600120A4E72068006840F4DA
:1045B000807021680860434600224FF001112046B8
:1045C000009600F0BDF858B12068006800F48070D3
:1045D000B0F5807F02D14FF400702064032089E79A
:1045E000F8B240F0010021680861334642460449B0
:1045F000204600F0E8F808B101207BE7002079E7C9
:10460000020001002DE9F843044688461546994604
:10461000DDE908672068006840F480702168086060
:10462000334600224FF001112046009700F088F831
:1046300060B12068006800F48070B0F5807F02D11E
:104640004FF4007020640320BDE8F88308F0FE00FA
:10465000216808613B4632462149204600F0B3F804
:1046600008B10120F0E700BF0020009020684069F9
:10467000009020688069009000BF00BF3A46314634
:10468000204600F042F950B1206C042805D1206882
:10469000006840F40070216808600120D4E7B9F197
:1046A000010F03D1E8B22168086117E0C5F30720C4
:1046B000216808613A463146204600F026F950B19B
:1046C000206C042805D12068006840F4007021683F
:1046D00008600120B8E7E8B2216808610020B3E76C
:1046E0000200010070B504460D46164620E0204643
:1046F000FFF7B8FE08B1012070BD681CC0B1FDF71E
:1047000005FD801BA84200D895B900202063202019
:1047100084F83D00002084F83E00206C40F020002A
:10472000206400BF002084F83C0000BF0120E3E7C4
:1047300020684069C0F380000028D8D00020DBE763
:104740002DE9F04104460D4617461E46DDF8188057
:104750001CE0701CD0B1FDF7D9FCA0EB0800B04202
:1047600000D89EB900202063202084F83D0000205E
:1047700084F83E00206C40F02000206400BF002040
:1047800084F83C0000BF0120BDE8F081C5F307407C
:1047900001280AD120684069A9B20840A9B288421C
:1047A00001D101200BE0002009E020688069A9B256
:1047B0000840A9B2884201D1012000E00020B8429F
:1047C000C7D00020E0E72DE9F04104460D4616462B
:1047D0001F463DE020684069C0F38020E8B12068B2
:1047E000006840F40070216808606FF48060216800
:1047F000486100202063202084F83D00002084F8D8
:104800003E00206C40F00400206400BF002084F8CB
:104810003C0000BF0120BDE8F081701CC0B1FDF775
:1048200075FCC01BB04200D896B900202063202040
:1048300084F83D00002084F83E00206C40F0200009
:10484000206400BF002084F83C0000BF0120E2E7A4
:10485000C5F3074001280AD120684069A9B2084081
:10486000A9B2884201D101200BE0002009E02068B4
:104870008069A9B20840A9B2884201D1012000E0B4
:1048800000200028A6D00020C5E770B504460D46DC
:10489000164632E020684069C0F30010A0B16FF006
:1048A00010002168486100202063202084F83D002A
:1048B000002084F83E00206C206400BF002084F8B3
:1048C0003C0000BF012070BDFDF720FC801BA8420A
:1048D00000D895B900202063202084F83D000020F6
:1048E00084F83E00206C40F02000206400BF0020CF
:1048F00084F83C0000BF0120E5E720684069C0F370
:1049000080100028C6D00020DDE770B504460D46B3
:10491000164620E02046FFF7A5FD08B1012070BD36
:10492000681CC0B1FDF7F2FB801BA84200D895B906
:1049300000202063202084F83D00002084F83E0001
:10494000206C40F02000206400BF002084F83C0070
:1049500000BF0120E3E720684069C0F3C0100028D1
:10496000D8D00020DBE72DE9F04F97B082461646FD
:104970001F46DDE92245DAE908B35A46DDE92001A0
:10498000FBF71BFFCDE9140120462946DDE914237E
:10499000FBF719FFCDE90801DAE906B35A46FBF740
:1049A0006BFECAE90601DAE910B35A4620462946E9
:1049B000FBF709FFCDE90001DAE90CB35A46FBF732
:1049C000FCFECDE90201DAE90EB35A46FBF7F5FE2B
:1049D000CDE90401DAE900B35A46FBF74DFE224661
:1049E0002B46CDE90601FBF7EEFECDE90801DAE939
:1049F0000AB35A46FBF740FECAE90A01DAE910B3E6
:104A00005A4620462946FBF7DEFECDE90801DAE9E1
:104A10000CB35A46FBF7D4FECAE90C01DAE910B32D
:104A20005A4620462946FBF7CEFECDE90801DAE9D1
:104A30000EB35A46FBF7C4FECAE90E0122462B46C6
:104A4000DAE902B15846FBF7BEFECDE90801DAE922
:104A500010B35A46FBF710FECAE91001DAE904B3B5
:104A6000DAE90A015A46CDE90801FBF705FE80465E
:104A7000894642464B46DAE90AB15846FBF715FF2C
:104A8000CDE9100142464B46DAE90EB15846FBF734
:104A90000CFFCDE91201DAE906B35A463046394631
:104AA000FBF78BFECDE90E01DDE90F3B58460E9A70
:104AB0001199FBF788FECDE90801DAE906B35A46F9
:104AC000FBF7DAFDCAE90601DDE912B15846DDE976
:104AD0000E23FBF778FECDE90801DAE908B35A4660
:104AE000FBF7CAFDCAE90801DAE90A01CDE90C01C0
:104AF000DAE90C01CDE90A01DDE910B15846DDE93A
:104B00000C23FBF760FECDE90801DAE90AB35A4647
:104B1000FBF756FECAE90A01DDE910B15846DDE9A6
:104B20000A23FBF750FECDE90801DAE90CB35A4637
:104B3000FBF746FECAE90C01DDE912B15846DDE992
:104B40000C23FBF740FECDE90801DAE90EB35A4623
:104B5000FBF736FECAE90E01DDE912B15846DDE980
:104B60000A23FBF730FECDE90801DAE910B35A4613
:104B7000FBF726FECAE91001DAE9060117B0BDE825
:104B8000F08F00000EB500200090019002902348A5
:104B90002349086081152248816000210173017555
:104BA0004FF46021C16100201D49486004211C4868
:104BB0000161FCF795FD08B1FCF7DCFC04200090D6
:104BC000012001900520029069461548FCF7D4FCAD
:104BD00008B1FCF7CFFC0520009002200190694647
:104BE0000F48FCF7C9FC08B1FCF7C4FC0620009094
:104BF0000320019069460A48FCF7BEFC08B1FCF7A7
:104C0000B9FC072000900420019069460448FCF795
:104C1000B3FC08B1FCF7AEFC0EBD0000002401405F
:104C2000D803002008B500BF1A48406940F00100D1
:104C3000184948610846406900F00100009000BF33
:104C400000BF002206210B20FDF778FE0B20FDF7A8
:104C500065FE002206210C20FDF770FE0C20FDF7FA
:104C60005DFE002206210D20FDF768FE0D20FDF7F8
:104C700055FE002206211020FDF760FE1020FDF7F2
:104C80004DFE002206211120FDF758FE1120FDF7F0
:104C900045FE08BD0010024000B5ABB001F0FAFDC2
:104CA0001C22244924A8FBF79BFA002124A802F027
:104CB00074F9214908601C221E491C311DA8FBF70C
:104CC0008FFA00211DA802F068F91C4908601C2217
:104CD0001849383116A8FBF783FA002116A802F00C
:104CE0005CF9174908601C22124954310FA8FBF7E0
:104CF00077FA00210FA802F050F9124908601C222F
:104D00000C49703108A8FBF76BFA002108A802F0E3
:104D100044F90D4908601C2206498C3101A8FBF7B3
:104D20005FFA002101A802F038F9084908602BB0A9
:104D300000BD000044940008140000200000002082
:104D400004000020080000200C00002010000020BB
:104D500000B585B00020019002900390049000BF40
:104D60004948806940F010004749886108468069D9
:104D700000F01000009000BF00BF00BF084680692F
:104D800040F0200088610846806900F02000009013
:104D900000BF00BF00BF0846806940F00400886182
:104DA0000846806900F00400009000BF00BF00BF0B
:104DB0000846806940F0080088610846806900F074
:104DC0000800009000BF00BF012251032F48FDF7EB
:104DD00097F9002243F22A012D48FDF791F90022AC
:104DE0004FF410412B48FDF78BF94FF40050019020
:104DF000012002900390049001A92448FCF7E8FFE9
:104E00004FF440400190002002900120039001A93E
:104E10001E48FCF7DDFF43F22A00019001200290BA
:104E200003900320049001A91948FCF7D1FF4FF427
:104E300080400190184802900120039001A9144875
:104E4000FCF7C6FF48F210000190002002900120FC
:104E5000039001A90E48FCF7BBFF4FF410400190EE
:104E60000120029003900220049001A90948FCF758
:104E7000AFFF002206212820FDF760FD2820FDF766
:104E80004DFD05B000BD00000010024000100140C3
:104E9000000C0140000801400000211010B50B4833
:104EA0000B4908600B484860002109488160C160D7
:104EB0004FF480410161002141618161C161016262
:104EC000FDF72AF908B1FCF755FB10BD005400406E
:104ED0004C040020801A060000B595B00020119007
:104EE0001290139014900F9010901C2108A8FBF7BB
:104EF00090F920216846FBF78CF92F482F4908606C
:104F00000020486000212D48816041F61F41C160AA
:104F10000021016141618161FEF7FAF908B1FCF7F6
:104F200029FB4FF48050119011A92448FEF7ECFAA8
:104F300008B1FCF71FFB2148FEF7B1FF08B1FCF7F1
:104F400019FB00200F9010900FA91C48FEF79EF946
:104F500008B1FCF70FFB60200890002009900A9030
:104F60000B900C900D900E90002208A91348FEF7AC
:104F700018FF08B1FCF7FEFA0C2208A90F48FEF74B
:104F800010FF08B1FCF7F6FA0020009001900290A3
:104F9000039004904FF4005005900020079069465C
:104FA0000648FEF739F908B1FCF7E4FA0348FEF7C2
:104FB000CBFE15B000BD0000002C0140A004002075
:104FC00000B58BB0242102A8FBF723F90020009044
:104FD00001904FF080401749086000204860002190
:104FE000144881604FF6FF71C16000210161816149
:104FF00003200290002003900120049000200590DF
:105000000690079001200890002009900A9002A9BC
:105010000848FEF7FDFA08B1FCF7ACFA0020009052
:10502000019069460348FEF731F908B1FCF7A2FA8E
:105030000BB000BDE804002000B58BB00020079045
:10504000089009900A9005900690019002900390B4
:1050500004901F481F4908604720486000211D48F0
:1050600081604FF6FF71C160002101618021816183
:10507000FEF74EF908B1FCF77DFA4FF48050079027
:1050800007A91448FEF740FA08B1FCF773FA114873
:10509000FEF7AEFC08B1FCF76DFA00200590069013
:1050A00005A90C48FEF7F2F808B1FCF763FA0020F6
:1050B000019001200290002003900490082201A991
:1050C0000448FEF72BFC08B1FCF754FA0BB000BD06
:1050D000000400403005002000B58BB0242102A858
:1050E000FBF797F8002000900190184818490860D5
:1050F000002048600021164881604FF6FF71C160B2
:1051000000210161816103200290002003900120B1
:105110000490002005900690079001200890002040
:1051200009900A9002A90A48FEF772FA08B1FCF742
:1051300021FA00200090019069460548FEF7A6F884
:1051400008B1FCF717FA0BB000BD000000080040E2
:105150007805002010B50B480B4908604FF4E1308A
:105160004860002108488160C16001610C214161F3
:1051700000218161C161FEF76FFF08B1FCF7FAF908
:1051800010BD000000380140C005002010B50B48DC
:105190000B4908604FF4E130486000210848816005
:1051A000C16001610C21416100218161C161FEF793
:1051B00053FF08B1FCF7DEF910BD000000440040C9
:1051C0000406002010B50B480B4908604FF4E1308D
:1051D0004860002108488160C16001610C21416183
:1051E00000218161C161FEF737FF08B1FCF7C2F908
:1051F00010BD0000004800404806002000BFFEE748
:105200007047000010B505220D49302000F097F8D6
:1052100005220B49102000F04BF8002406E0084856
:10522000005DAA2800D003E0601CC4B2052CF6DBA8
:1052300000BF052C01D0012010BD0020FCE70000BC
:105240004000002010B5054802F0D0FB002002F01D
:105250005FFB012002F06EFB10BD00002C0000205F
:1052600010B5002002F054FB052210492A2000F05E
:1052700066F80121212000F07EF80121222000F0B3
:105280007AF82821252000F076F82021312000F03E
:1052900072F80F21262000F06EF80F21202000F078
:1052A0006AF8012002F034FB10BD000009950008E7
:1052B0002DE9F04107460D461646002002F03AFB64
:1052C000384601F083FD8046002405E0FF2001F010
:1052D0007DFD2855601CC4B2B442F7DB012002F00A
:1052E00029FB4046BDE8F08170B50446002002F07D
:1052F00021FB204601F06AFDFF2001F067FD054615
:10530000012002F017FB284670BD70B50446072047
:10531000FFF7EAFF05462946272000F02CF805F0A4
:10532000400050B1202221466120FFF7C1FFFF213C
:10533000E22000F020F8002070BD0120FCE72DE9FC
:10534000F04107460C461546002002F0F3FA3846B5
:1053500001F03CFD8046002605E014F8010B01F049
:1053600035FD701CC6B2AE42F7DB012002F0E2FA56
:105370004046BDE8F08170B505460C46002002F0BD
:10538000D9FA284601F022FD0646204601F01EFD0E
:10539000012002F0CFFA304670BD000008B5084980
:1053A0000968C9084FF47A72B1FBF2F141430091E8
:1053B00000BF00BF00994A1E00920029F9D108BD24
:1053C0002800002000BF012001F0D6FDFBE710B54A
:1053D000FDF734FA03F0ECFD012801D003F02EF9BB
:1053E00010BD00B593B0282109A8FAF712FF1421C7
:1053F00004A8FAF70EFF002000900190029003909D
:105400000120099000040A9000200B9001200D90CB
:1054100002201090C10311914FF4E011129109A8DC
:10542000FDF7ACFC08B1FCF7A5F80F2004900220B2
:105430000590002006904FF48060079000200890AF
:10544000022104A8FDF764FB08B1FCF793F80220E1
:105450000090800302906846FDF7C2FA08B1FCF79D
:1054600089F813B000BD704710B50248FEF7A0FBE5
:1054700010BD00003005002010B50268184B98429E
:1054800008D0B0F1804F05D0164B984202D0164B91
:10549000984203D122F070024B681A43104B984295
:1054A00008D0B0F1804F05D00E4B984202D00E4B81
:1054B000984203D122F44072CB681A4322F0800351
:1054C0004C6943EA040202608B68C3620B68836222
:1054D000034B984201D10B6903630123436110BD63
:1054E000002C0140000400400008004030B501F0ED
:1054F0001F05012404FA05F3046A9C430462046A4C
:1055000001F01F0502FA05F52C43046230BD30B5E9
:105510000C46816821F47F4142EA03252543294353
:10552000816030BD0A46816821F0700142F00703B6
:10553000194381607047000030B5056A25F0010508
:105540000562026A4368846924F0700424F003044D
:105550000D682C4322F002028D682A430D4DA842AB
:1055600006D100BF22F00802CD682A4322F00402CF
:10557000084DA84207D123F4807323F400734D69CA
:105580002B438D692B43436084614D684563026200
:1055900030BD0000002C014030B5056A25F0100533
:1055A0000562026A4368846924F4E04424F4407488
:1055B0000D6844EA052422F020028D6842EA0512B3
:1055C0000E4DA84207D100BF22F08002CD6842EA0A
:1055D000051222F04002094DA84209D123F480634C
:1055E00023F400634D6943EA85038D6943EA85032B
:1055F000436084614D688563026230BD002C0140C8
:1056000030B5056A25F480750562026A4368C4698D
:1056100024F0700424F003040D682C4322F400727B
:105620008D6842EA05220F4DA84207D100BF22F43F
:105630000062CD6842EA052222F48062094DA84248
:1056400009D123F4805323F400534D6943EA051331
:105650008D6943EA05134360C4614D68C563026206
:1056600030BD0000002C014030B5056A25F480559E
:105670000562036A4468C26922F4E04222F440727F
:105680000D6842EA052223F400538D6843EA05338E
:10569000064DA84204D124F480444D6944EA85149F
:1056A0004460C2614D680564036230BD002C014056
:1056B00030B50B461446026A056A25F001050562FD
:1056C000816921F0F00141EA041122F00A021A4333
:1056D0008161026230BD000070B50C461546066A55
:1056E00026F0010606628169026A124EB04208D0B5
:1056F000B0F1804F05D0104EB04202D00F4EB042F4
:1057000001D1012600E000261EB121F0030129434A
:1057100001E041F0010121F0F001F02606EA031654
:10572000314322F00A0204F00A0632438161026228
:1057300070BD0000002C0140000400400008004043
:1057400030B50B461446056A25F0100505628169DF
:10575000026A21F4704141EA043122F0A00242EAD7
:1057600003128161026230BD70B50C461546066AAF
:1057700026F0100606628169026A21F4407141EA4E
:10578000052121F470414FF4704606EA0336314397
:1057900022F0A002A02606EA0416324381610262CA
:1057A00070BD70B50C461546066A26F48076066212
:1057B000C169026A21F00301294321F0F001F026BA
:1057C00006EA0316314322F400724FF4007606EA2B
:1057D00004263243C161026270BD70B50C461546A5
:1057E000066A26F480560662C169026A21F4407195
:1057F00041EA052121F470414FF4704606EA033670
:10580000314322F400524FF4005606EA0436324384
:10581000C161026270BD70B506460025746A2068D9
:105820004069C0F3C01594F83D00212805D125B189
:105830000020E084204600F075F820684069C0F33D
:10584000801594F83E00222805D125B10020E0857E
:10585000204600F04CF8206C40F0100020642046F8
:10586000FEF7F9FB70BD70B505466C6A28680068E4
:1058700000F02000F8B90020E0852068C06820F41E
:1058800080702168C8602068406920F001002168AC
:1058900048612068406920F040002168486120206C
:1058A00084F83E00206B012805D12068C06820F0F4
:1058B00010002168C860206B012804D1A18D20460A
:1058C000FEF795FB02E02046FEF75FFD70BD70B568
:1058D00005466C6A206B012805D1A08D4108204641
:1058E000FEF785FB02E02046FEF750FD70BD016823
:1058F000C96821F490710268D1600168496921F09A
:10590000010102685161016B012905D10168C96873
:1059100021F010010268D160202180F83E100021A2
:10592000016370470168C96821F0C0010268D16055
:10593000202180F83D10704770B504462168096940
:1059400021F44051E2681143226811612269A16883
:105950001143626941EA02052168C96841F20C629B
:10596000914329432268D1602168496921F440713B
:10597000A2691143226851612D4A2168914202D1E6
:10598000FDF7A2F901E0FDF78FF900EBC00101EB93
:10599000001162689200B1FBF2F100EBC00202EB71
:1059A000001263689B00B2FBF3F26423B2FBF3F2D4
:1059B00002EBC20303EB0212A1EB8201322202EBE3
:1059C00001116422B1FBF2F101F0F00100EBC00221
:1059D00002EB001263689B00B2FBF3F26423B2FB9C
:1059E000F3F201EB021200EBC00101EB001163685E
:1059F0009B00B1FBF3F100EBC00303EB00136668FF
:105A0000B600B3FBF6F36426B3FBF6F303EBC30671
:105A100006EB0313A1EB8301322303EB0111642393
:105A2000B1FBF3F101F00F0111442268916070BDE8
:105A30000038014077B581B0044615460298A0624F
:105A4000A58500202064222084F83E001C48A16B1C
:105A500088621C48A16BC8621B48A16B08630020C8
:105A6000A16B486302AE32682368191D2B46A06BF8
:105A7000FCF71EF900BF002000902068006800902D
:105A800020684068009000BF00BF00BF002084F87D
:105A90003C0000BF2068C06840F480702168C86086
:105AA0002068406940F00100216848612068406931
:105AB00040F0400021684861002004B070BD000043
:105AC00067580008CF580008175800082DE9F04122
:105AD00004460D4617469846069E21E0701CF8B114
:105AE0002EB1FCF713FBA0EB0800B04218D92068D8
:105AF000C06820F4D0702168C8602068406920F038
:105B0000010021684861202084F83D0084F83E00AF
:105B100000BF002084F83C0000BF0320BDE8F081F6
:105B2000206800682840A84201D1012000E0002040
:105B3000B842D3D00020F1E738B5002441480068CE
:105B40000068C0F3001000287BD000BF0020009048
:105B50003C480068006800903A480068406800903F
:105B600000BF00BF38480068006820F001003649D7
:105B700009680860344800684068C0F1C800C4B2D1
:105B800000F034FF012828D100F068FF2F49098870
:105B9000884210D12E492F48FAF746FB2D48B0F81D
:105BA000000420442B49B1F8001460F30E01294889
:105BB000A0F8001435E0C82225492648FAF710FB62
:105BC0002448B0F8000464F30E002249A1F8000450
:105BD00000F044FF1D49088023E0C8221C491D48ED
:105BE000FAF7FEFA1B48B0F8000464F30E001949F6
:105BF000A1F8000401201849087003F0D9F9012820
:105C00000FD016491648006802F0E8FA13480068F9
:105C100038B14FF0805013490860BFF34F8FBFF386
:105C20006F8FC8210A48FAF7F4FAC82006490968B4
:105C3000486005480068006840F0010002490968B2
:105C4000086038BD040600208C06002014010020E6
:105C50005C0C00209C0700200C0100201801002093
:105C60001001002004ED00E01CB500242548006868
:105C70000068C0F30010002842D000BF0020009050
:105C800020480068006800901E4800684068009046
:105C900000BF00BF1C480068006820F001001A49DE
:105CA00009680860184800684068C0F11400C4B270
:105CB000092C19D1142215491548FAF791FA002335
:105CC00001AA13491348006802F032FE019838B166
:105CD0004FF0805010490860BFF34F8FBFF36F8FB4
:105CE00014210A48FAF795FA142007490968486010
:105CF00005480068006840F0010003490968086031
:105D00001CBD00004806002014070020F00B0020F6
:105D1000040C00200401002004ED00E000BFFEE7B9
:105D20000FB4054B10B503A9044A029800F0C4F85B
:105D300010BC5DF814FB0000C96900087C0100205C
:105D40000FB4084B10B504A902AA039800F0B4F8E8
:105D5000044602A9002000F08BF9204610BC5DF833
:105D600014FB000071600008490050EAC12018BF10
:105D700004204A0D18BF40F0010040F2FF72B2EB60
:105D8000515F08BF40F00200012808BF052070479E
:105D900002480068C0F30220704700000CED00E0EC
:105DA00010B5002804DB0A07130E054A135406E059
:105DB0000A07140E034A00F00F031B1FD45410BD32
:105DC00000E400E018ED00E02DE9F0414F1E00EB8B
:105DD000C7010446D1E9000115461E4637F0060208
:105DE0000DD02A463346FAF7EEFC7F1E04EBC703BC
:105DF000D3E90023FAF740FC37F00602F1D1022F75
:105E000025D0042F13D0062F18BFBDE8F0812A46F5
:105E10003346FAF7D8FCD4E90A23FAF72DFC2A46D0
:105E20003346FAF7D0FCD4E90823FAF725FC2A46D2
:105E30003346FAF7C8FCD4E90623FAF71DFC2A46D4
:105E40003346FAF7C0FCD4E90423FAF715FC2A46D6
:105E50003346FAF7B8FCD4E90223FAF70DFC2A46D8
:105E60003346FAF7B0FCD4E90023BDE8F041FAF775
:105E700003BC0122FBF7E2B8FAF7FEBB024A00209E
:105E80001107FBF7DBB8000001FDFFFF02E008C8C7
:105E9000121F08C1002AFAD170477047002001E0A4
:105EA00001C1121F002AFBD17047000001490860A0
:105EB00070470000800100202DE9FF4F8BB09A460B
:105EC0000F460546002606E025280BD052460D99C0
:105ED00090476D1C761C28780028F5D10FB030460D
:105EE000BDE8F08F0024A0460122604900E0044391
:105EF00015F8013F203B02FA03F00842F7D1287859
:105F00002E2817D115F8010F44F004042A280ED0CA
:105F10006FF02F022878A0F1300109290AD808EB88
:105F2000880102EB410100EB01086D1CF2E757F814
:105F3000048B6D1C287869283ED006DC0028CDD063
:105F400063280BD0642804D136E0732810D075285C
:105F50004BD052460D999047761C85E017F8040BFC
:105F60008DF8000000208DF80100E946012003E0D3
:105F700057F8049B4FF0FF3061074FF0000401D445
:105F80000AE0641C44450DDA8442FADB19F8041077
:105F90000029F6D106E0641C8442FCDB19F80410E9
:105FA0000029F8D1264404E019F8010B52460D9956
:105FB0009047641EF8D257E001CF4FF00A0B00283B
:105FC00002DA40422D2102E0210504D52B218DF873
:105FD0002410012103E0E10705D02021F7E70DF1AE
:105FE000200908910CE00021F9E701CF4FF00A0BDE
:105FF000F9E75946FAF74CFD01F1300209F8012D95
:106000000028F6D1ADEB090000F1200B600701D4A8
:106010004FF00108D84502DDA8EB0B0000E000209E
:106020008046002406E009A85246005D0D9990477D
:10603000641C761C08988442F5DB04E0302052464C
:106040000D999047761CB8F10001A8F10108F5DC24
:1060500005E019F8010B52460D999047761CBBF1EB
:106060000001ABF1010BF4DC6D1C34E709280100E1
:106070000A68531C0B6010707047000010B50422B2
:1060800002490348FBF726FC10BD00004A0000202F
:10609000D80300202DE9F0470446002500260027FC
:1060A0000CB9BDE8F08794F8480028B9D4E903108A
:1060B000FAF76CFA054610E094F8480001280CD174
:1060C000B4F92800FAF760FC81462169FAF70CFA66
:1060D0008046E168FAF75AFA05462846A169FAF7B8
:1060E0005BFA8046FAF777FC06B2B4F91600FAF7C5
:1060F0004BFC8146E169FAF74FFA8046FAF76BFCF0
:1061000007B2F01900B2A08200BFCAE72DE9F84F2C
:1061100004460D4621F0004000917349814211DC94
:106120007249884201DC06D12CB120462946BDE8DF
:10613000F84FFFF79EBE6E48002DCCBF6D496E49EB
:10614000BDE8F88F6D49814211DD6D498142D8BFAC
:106150004FF0FF366DDD20462946FFF705FE042887
:1061600008BFFFF78BFE20462946BDE8F88F65493A
:10617000654F25F00045814233DD6449814219DDD8
:10618000002632464FF0804320462946FAF774FA3B
:1061900080468A46012220462946FAF74FFF002210
:1061A0003B46FAF70AFB42465346FAF77EFB0446A3
:1061B0000D463EE001260022BA463B4620462946CF
:1061C000FAF75AFA80460F460022534620462946DF
:1061D000FAF7F3FA42463B46FAF767FB04460D46E8
:1061E00027E04B4981421BDDDFF828A1022600226F
:1061F000534620462946FAF7E6FA00223B46FAF7CC
:106200003BFA80460F460022534620462946FAF7BD
:10621000D4FA42463B46FAF748FB04460D4608E0EE
:10622000032622462B4600203B49FAF73EFB044654
:106230000D4622462B4610461946FAF7C4FA8B46FD
:10624000824602460B46FAF7BEFA07460246334834
:1062500088460B4606217844FFF7B6FD52465B465A
:10626000FAF7B1FA82462E488B463A464346052154
:106270007844FFF7A9FD3A464346FAF7A4FA0246E6
:106280000B46002E504659460CDAFAF7F5F922462D
:106290002B46FAF798FA01B022462B46BDE8F04F9C
:1062A000FAF78EBAFAF7E8F922462B46FAF78BFA94
:1062B0001C4A7A4402EBC603D3E90023FAF77DFABD
:1062C00022462B46FAF779FA174A7A4402EBC603BC
:1062D000D3E90023FAF774FA009A002AB8BF81F0D4
:1062E0000041BDE8F88F0000000010440000F07F7E
:1062F000182D4454FB21F93FFB21F9BF0000DC3F7E
:106300000000203E0000F33F0000F03F0000E63FA9
:10631000008003400000F83F0000F0BF1E33000083
:10632000DC3200007A320000423200002DE9F04DEC
:106330009446CCF1000423F000464CEA0404594F83
:1063400046EAD4749A46884621F00042BC4206D8F8
:10635000454240EA050442EAD474BC4204D9BDE88F
:10636000F04D6246FFF788BDAAF14055A5F17F6563
:1063700055EA0C040BD0022404EAAA744A4DDFF853
:106380002CE144EAD87452EA000B04D00CE0BDE8DA
:10639000F04DFFF7BBBE002C14BF012CBDE8F08D03
:1063A000022C30D0032C32D056EA0C0B0AD0BE425D
:1063B00020D1BA4209D126F0804622F080423346ED
:1063C000114617E000291ADB25E0DFF8E4B0FB44B2
:1063D000002C04BFDBE90001BDE8F08D012C02BFF9
:1063E000DBE9000181F00041BDE8F08D022C0AD00C
:1063F000032C0CD0BA4212D1B8F1000F0BDA2A48A4
:106400002C49BDE8F08D28462B49BDE8F08D284683
:106410007146BDE8F08D24482849BDE8F08D921BF7
:1064200012153C2AC4BF204F244E10DCBAF1000FD5
:10643000BEBF12F13C0F00273E4608DB6246FAF76A
:1064400034FA21F00041FFF761FE07460E4694B191
:10645000012C08BF86F000460DD0194A194B022CBA
:106460003846314615D0FAF7A8F92A46BDE8F04D6E
:10647000114BFAF7A2B90022134638463146FAF713
:1064800015FC04BF0220FFF711FD38463146BDE878
:10649000F08DFAF792F92A46BDE8F04D064BFAF76F
:1064A0008FB900000000F07F182D4454FB2109C073
:1064B000D6310000FB21F9BFFB210940FB21F93F48
:1064C000075C143326A6A13C8AB0142105A8F9F76D
:1064D000A0FE14216846F9F79CFE00240025002642
:1064E0000027A04600F07EFA81464A480068C0684E
:1064F00040F0100047490968C860142246494548E1
:10650000FDF722FF00221421042002F0C2F84349C3
:1065100008604FF47A7001F021FE79E03F4800688E
:10652000002875D04FF0FF3205A93C48006802F002
:106530007BFA00286CD09DF81400A52845D19DF861
:106540001C005A2841D19DF815009DF816100844EA
:106550009DF8171008449DF8181008449DF819106C
:1065600008449DF81A10084400F0FF089DF81B002D
:1065700040452AD19DF815109DF8162001EB022008
:10658000FAF702FA05469DF817109DF8182001EB5E
:106590000220FAF7F9F906469DF819109DF81A201D
:1065A00001EB0220FAF7F0F9074685F0004586F086
:1065B000004A1B495046FAF721F8064687F0004783
:1065C0003A463146284601F083F91649D9F80C00BD
:1065D000F9F7E2FF8246FAF7FEF904B2A5208DF83A
:1065E0000000E0B28DF80100200A8DF802009DF84D
:1065F00001009DF802100844C0B28DF803005A2033
:106600008DF804000A23052269460248FDF7BFFE03
:1066100084E7000048060020F00B00200401002061
:106620000000C8420000204186B000200590049080
:1066300000F0E2FC044602F069FC84490860002096
:10664000834981F84800834808618348886183480A
:10665000C86100208884084690F8480040B9804806
:10666000C862C86A7F49F9F7C9FF794908630DE034
:10667000774890F84800012808D17B487449C862DF
:10668000C86A7849F9F7BAFF714908630020704970
:1066900088867648C8630020086400F0DFFA00F0BE
:1066A0001BFAD2E000BF4FF0FF31012001F0E4FB04
:1066B0000128F8D1664A121D911E881E00F0A2FA28
:1066C000634A0A32911E881E00F070FA6049B1F9DF
:1066D0000A00FAF762F9CDE902015D49B1F9060055
:1066E000FAF75BF98046DDE90223FFF71FFE8246D9
:1066F00000225F4BFAF767F806465E4A5E4BFAF7F0
:10670000D4F80446FAF793F9059051484088504967
:10671000C882B1F90200FAF740F906464FF0663236
:10672000564BFAF7C2F80446FAF781F90490049838
:1067300080F000442046FAF767F907468846059836
:10674000FAF762F905460B464D484E492A46CDE90F
:106750000078CDE902014C48FEF705F94A48D0E936
:1067600006211046FAF763F93949C86000F072F95A
:106770003749C864C96C498BA1F50060C11700EBAB
:1067800091618911324A91841146C96C098CA1F535
:106790000060C11700EB9161891191861046FFF7E7
:1067A00079FC2B4801F0CEF9294801F085FA2848F8
:1067B00090F84800B8B92648808A2549098D0844D0
:1067C0002349098F401A00B22149A1F84400084624
:1067D000808A098D08441E49098F084400B21C496B
:1067E000A1F8460015E01A4890F84800012810D199
:1067F0001748808A1649098F401A00B21449A1F837
:1068000044000846808A098F084400B21049A1F864
:1068100046000F4801F0A0F80D49C8681B49FAF777
:106820002DF905D30A49C8681949FAF71DF905D2A7
:1068300000200749A1F84400A1F84600044AB2F933
:106840004610B2F9440000F063F92BE7F400002091
:10685000A00B002000002040000048C3CDCCCCBEDF
:10686000000048C2000048430AD7A33E0000204170
:10687000008066401F85EB51B81E094066663040B7
:106880007B14AE47E17A843FA8000020000020423C
:10689000000020C210B5012001F0EAFE01490860A5
:1068A00010BD00001800002070B504460D460A23F4
:1068B0002A4621460148FDF76AFD70BD0406002006
:1068C00088B000BF002000F097FB044602F01EFBDA
:1068D0002A4908602A480068C06840F0100028492A
:1068E0000968C860C82227492548FDF72DFDFAF739
:1068F000FBFD42E000BF4FF0FF31012001F0BCFA88
:106900000128F8D120480078012836D100201E49FE
:1069100008701E4903A8F9F7ACFC694603A800F00B
:1069200037F89DF80000462803D10F2000F0E4FF5F
:1069300023E09DF80000422804D16FF00E0000F023
:10694000DBFF1AE09DF800004C2803D10F2000F077
:10695000D9FF12E09DF80000522804D16FF00E001C
:1069600000F0D0FF09E09DF80000532805D1002079
:1069700000F0C2FF002000F0C5FFBBE710010020BF
:10698000040600205C0C00200C0100209C07002065
:106990003EB505460C4606A12846F9F751FC30B134
:1069A00001AB02AA04A128460094F9F76BFC3EBD96
:1069B0002B495044000000000D0A2B4950442C255F
:1069C000642C25643A25730013B50C464FF6FF730B
:1069D000012269460248FDF7DAFC00981CBD000060
:1069E000C005002000487047A00B00200148B0F906
:1069F000000070474800002010B510210248FBF746
:106A000077FB0446204610BD000C01402DE9F05FE5
:106A10000C49C888F9F7D2FF804600220A4BF9F7E3
:106A200044FF06464FF0C042084BF9F7CCFE04463F
:106A30000022074BF9F7C7FE8246F9F7F8FFBDE8D9
:106A4000F09F00004A0000200000B04066660A4047
:106A50000000264000487047380C00200148B0F97B
:106A6000000070474600002010B56FF00100054996
:106A7000096808610348FCF70BFD08210148FCF791
:106A8000EBFF10BD30050020FBF7E4FEFEF7A9FC8C
:106A9000FEF75EF9FEF7C6F8FEF700FAFEF71CFAFD
:106AA000FEF78EFAFEF718FBFEF7C6FAFEF78AFB32
:106AB000FEF76CFBFEF74EFBFEF764F8FEF7ECF812
:106AC00000F066FA00BFFEE701460020842901D0ED
:106AD000CA1C10447047000010B50A48FCF7A2FC1D
:106AE00000210848FDF710FA0C210648FDF70CFAC2
:106AF0003C210548FCF752FE3C210448FCF74EFEC1
:106B000010BD0000A0040020E8040020780500204B
:106B100070B505460C4641F6F420854201DD054678
:106B200003E01C48854200DA054641F6F420844221
:106B300001DD044603E01748844200DA0446002DD4
:106B400008DD012211031448FBF7DAFA1348006844
:106B5000056409E000224FF480510F48FBF7D0FA9A
:106B600068420E4909680864002C08DD01225103BF
:106B70000948FBF7C5FA09480068446309E00022A8
:106B80004FF400510448FBF7BBFA6042034909681F
:106B9000486370BD0CE5FFFF000C0140A00400201D
:106BA00010B504462046FBF7D1F810BD2DE9FC4195
:106BB00004460D4616460CB105B116B90220BDE8D3
:106BC000FC81062269463B2000F087F8C7B2BFB9B6
:106BD0009DF801009DF8001040EA012000B22080DD
:106BE0009DF803009DF8021040EA012000B22880C1
:106BF0009DF805009DF8041040EA012000B23080A5
:106C00003846DCE72DE9FC4104460D4616460CB13A
:106C100005B116B90220BDE8FC8106226946432071
:106C200000F05BF8C7B2BFB99DF801009DF80010F5
:106C300040EA012000B220809DF803009DF8021078
:106C400040EA012000B228809DF805009DF804105C
:106C500040EA012000B230803846DCE708B5002069
:106C6000009080216B2000F09DF86420FFF798FFD2
:106C700000216B2000F096F8032000F04DF8002072
:106C800000F041F8642000F070F80121382000F095
:106C900089F800216A2000F085F80021232000F007
:106CA00081F89C21372000F07DF86946752000F0BE
:106CB00020F89DF8000068280BD101216B2000F01E
:106CC00071F800216C2000F06DF8642000F04DF8A0
:106CD00001E0012008BD0020FCE770B504460D4628
:106CE000164633462A462146682001F03FF8002028
:106CF00070BD70B504460D462A462146682001F055
:106D000001F8002070BD10B50446E006010E1C20FD
:106D100000F048F8C0B210BD10B50446032000EBE7
:106D2000C400C1B21B2000F03DF8C0B210BD70B568
:106D300004460025BC2C01DB012510E0622C01DBA0
:106D400002250CE02A2C01DB032508E0142C01DBD2
:106D5000042504E00A2C01DB052500E00625294670
:106D60001A2000F01FF8C0B270BD70B50446B4F52B
:106D70007A7F01DD4FF47A74042C00DA04244FF496
:106D80007A7090FBF4F0401EC5B22946192000F03D
:106D900009F8C5B2264604EBD671C1F34F00FFF7E0
:106DA000C6FF70BD13B5044601AA2146682001F054
:106DB00011F800201CBD00004FF400600249488318
:106DC0008883C88308847047380C002070B5044657
:106DD0002146034800F013FE0546284670BD00001A
:106DE0002C00002070B50024002552480078AA2805
:106DF0007ED1504840785528FAD1002005E04D4A10
:106E0000811C515C21448CB2401C1C28F7DB494892
:106E1000C07F4849897F00EB012085B2AC42E7D1B1
:106E2000444800794349C97800EB0120424948832E
:106E3000404880793F49497900EB01203E498883E9
:106E40003C48007A3B49C97900EB01203A49C883A4
:106E50003848807A3749497A00EB0120364908845E
:106E60003448C07A08763348407B3249097B00EBCE
:106E7000012000B2304908802E48C07B2D49897B13
:106E800000EB012000B22C4948802A48407C294967
:106E9000097C00EB012000B2274988802548C07C8E
:106EA0002449897C00EB012000B22349C880214895
:106EB000407D2049097D00EB012001B21E4801817F
:106EC0001C48C07D1B49897D00EB012001B21A4896
:106ED00041811849497E174A127E01EB022108B20E
:106EE000F9F752FD06461549F9F756FB124900E03D
:106EF0001EE0C8600F49C97E0E4A927E01EB022156
:106F000008B2F9F741FD06460C49F9F745FB0A4975
:106F100008610849497F074A127F01EB022108B244
:106F2000F9F732FD06460549F9F736FB0249486193
:106F300070BD0000180C0020380C00200AD7233C3C
:106F400070470000FEF77EF9FEF75CF908490880FB
:106F5000FEF786F90BE00748FEF7D7F910B9FFF7FF
:106F600041FF01E0FFF728FF322001F0F7F8F2E7D8
:106F700008010020180C002070B5044625460DB10C
:106F8000294600E00121084601F0E8F8002070BD24
:106F900010B501F031FA002010BD7FB504460D4652
:106FA000606998B1A06988B1B4F90800FFF78CFD59
:106FB0000646D4E90510CDE9006102902B4622690E
:106FC000D4E9001001F046FF039013E0B4F9080083
:106FD000FFF77AFD064603A8CDE90060238A9AB23E
:106FE0002B46D4E9001001F003FF012802D0002055
:106FF00004B070BD0398FBE7014611B90948006869
:1070000000E00846024652B900BF502080F31188C4
:10701000BFF34F8FBFF36F8F00BF00BFFEE702F1DA
:10702000340070471C0100202DE9F04105460E4652
:107030001F48076800201F49096881F852001D4851
:107040000068001D00F052FF50B91A48006890F81F
:107050002C100120884018490968814316480160B6
:10706000681C38B936B113480168091D134800F08F
:1070700087FF1AE07C190F4800684460BC4207D2C1
:107080000C480168091D0E48006800F05FFF0CE025
:1070900008480168091D0B48006800F057FF0A48BE
:1070A0000068844201D208480460BDE8F081000015
:1070B000300100201C01002034010020000E0020BF
:1070C00024010020200100204C01002010B50446BE
:1070D00000F062FF23480068401C224908602248F3
:1070E000006840B9204804600846006801280DD1B6
:1070F00000F0C0F90AE01D48006838B91A48006875
:10710000C06AE16A884201D81748046018480068DC
:10711000401C1749086094F82C100120884015493C
:107120000968084313490860E16A01EB8101124ACA
:1071300002EB8100211D00F023FF00F057FF0B48F8
:10714000006868B108480068C06AE16A884207D2EE
:107150004FF0805009490860BFF34F8FBFF36F8F26
:1071600010BD00002C0100201C010020380100206F
:107170004801002034010020240D002004ED00E02F
:1071800010B516E000F008FF0C48C068C468201D68
:1071900000F0ACFE0A480068401E09490860094832
:1071A0000068401E0749086000F020FF204600F0FC
:1071B0005EF8044800680028E4D110BDEC0D002002
:1071C0002C0100202801002070B504460D46206CDB
:1071D00070B1216CE0680844E0606168E068884252
:1071E00001D32068E0602846226CE168F8F7F8FFD8
:1071F00070BD2DE9F04104460F4615464FF00008DA
:10720000A66B206C40B9206860BB606801F084FF09
:1072100080460020606025E07DB93946226CA06878
:10722000F8F7DEFF216CA0680844A060D4E90110E3
:10723000884217D32068A06014E03946226CE068C9
:10724000F8F7CEFF216CE068401AE0602168E06842
:10725000884203D2216C6068401AE060022D01D19F
:1072600006B1761E701CA0634046BDE8F08110B5E3
:10727000044694F8510030B9206B00F0D5FE20464A
:1072800000F0D2FE1AE094F85100012803D1204604
:1072900000F0CAFE12E094F85100022801D101204A
:1072A00000E0002050B900BF502080F31188BFF3E8
:1072B0004F8FBFF36F8F00BF00BFFEE710BD0146C9
:1072C0004A6A22B10A6B1268C2F1070000E000208E
:1072D0007047000030B54FF42053174800F0070402
:1072E0002CB1C01D20F00700134C041B1B1B0246D1
:1072F000124C22600024114D6C60D018083820F028
:1073000007000F4C206000240D4D2D686C600C4D63
:107310002D682C601146441A4C60094C24680C609E
:10732000084D4C682C60084D4C682C604FF00044B0
:10733000064D2C6030BD0000140E002058010020C6
:107340006001002068010020640100206C01002021
:1073500000BFFFF715FF064800680128F9D94FF074
:10736000805004490860BFF34F8FBFF36F8FF0E781
:10737000240D002004ED00E010B504464CB10020BF
:1073800060602060E06000231A461946204601F044
:10739000FBF910BD2DE9F04106460D46174698460B
:1073A000069C0DB9246000E02760E6632564012196
:1073B000204601F09DF9BDE8F0812DE9F05F82469D
:1073C0000F4690469B460A9E0C9C4FEA8801A522D8
:1073D000206BF8F717FFA8F10100216B01EB800982
:1073E00029F0070909F0070008B9012000E0002092
:1073F00050B900BF502080F31188BFF34F8FBFF307
:107400006F8F00BF00BFFEE7002507E0795D04F144
:1074100034004155785D00B902E06D1C102DF5D3A4
:1074200000BF002143200155072E00D30626E66247
:1074300066640020A064201D00F085FD04F11800A2
:1074400000F081FD2461C6F10700A06164620020A4
:10745000E06484F8500084F852005A465146484689
:1074600000F004FA20600B9808B10B980460BDE8A6
:10747000F09F000010B5002407E004EB84010F4AE0
:1074800002EB810000F052FD641C072CF5D30C4880
:1074900000F04CFD0B4800F049FD0B4800F046FDA4
:1074A0000A4800F043FD0A4800F040FD044809493D
:1074B000086004480849086010BD0000240D002041
:1074C000B00D0020C40D0020D80D0020EC0D0020D0
:1074D000000E0020200100202401002010B50146EC
:1074E000164800E0006803688B42FBD302464368FD
:1074F00013448B4204D143684C68234443600146E3
:107500000A464B6813440468A34211D10C4C03682B
:107510002468A34208D04B680468646823444B6025
:1075200003681B680B6005E0054B1B680B6001E0FE
:1075300003680B60884200D0016010BD5801002034
:107540006001002070B5054600F026FDA86B08B963
:10755000012400E0002400F049FD204670BD70B514
:10756000054600F019FDA86BE96B884201D10124A2
:1075700000E0002400F03AFD204670BD0A49096889
:10758000096809B9012100E0002121B14FF0FF3164
:10759000064A116006E004490968C968C868034AD8
:1075A0004168116070470000200100204C0100205C
:1075B0002DE9F04102460D4600271068002843D00F
:1075C0001046D0F804C0DCF804C0C0F804C000F1D4
:1075D000080CD0F80480E04505D1D0F804C0DCF8F0
:1075E00004C0C0F804C0D0F804C0DCF80C6000BFD0
:1075F0001046D0F804C0DCF804C0C0F804C000F1A4
:10760000080CD0F80480E04505D1D0F804C0DCF8BF
:1076100004C0C0F804C0D0F804C0DCF80C1000238B
:107620000AE001F13400C45CE85CA04200D005E04F
:107630000CB90F4602E05B1C102BF2D300BF07B160
:1076400001E0B142D4D100BF3846BDE8F08100006E
:107650000E480068401C08B9012000E0002050B925
:1076600000BF502080F31188BFF34F8FBFF36F8F9F
:1076700000BF00BFFEE700BF502080F31188BFF3BA
:107680004F8FBFF36F8F00BF00BFFEE77001002078
:1076900070B5044600F080FC94F9455010E0606A33
:1076A00008B9012000E0002038B904F1240001F0FD
:1076B000FBFD18B100F08CFD00E003E0681E45B250
:1076C000002DECDC00BFFF2084F8450000F08EFCAC
:1076D00000F062FC94F9445010E0206908B90120E0
:1076E00000E0002048B904F1100001F0DDFD08B110
:1076F00000F06EFD681E45B200E001E0002DECDCFC
:1077000000BFFF2084F8440000F070FC70BD000052
:107710002DE9F04104464FF0000800F0C5FE464850
:10772000006808B9FFF7D6FD4448006820400028EB
:107730006BD1D4B1083404F00700B0B104F00700F5
:10774000C0F10800044404F0070008B9012000E07B
:10775000002050B900BF502080F31188BFF34F8F35
:10776000BFF36F8F00BF00BFFEE7002C4DD0344841
:107770000068844249D8334E3046056801E02E4601
:107780002D686868A04202D228680028F7D12A48EC
:107790000068854239D0306800F1080828683060F8
:1077A0006868001B102819D92F1907F0070008B9BD
:1077B000012000E0002050B900BF502080F3118864
:1077C000BFF34F8FBFF36F8F00BF00BFFEE7686846
:1077D000001B78606C603846FFF780FE18496868C7
:1077E0000968081A164908600846006816490968B9
:1077F000884203D212480068134908600F4968683C
:107800000968084368600020286001F099FD08F0CD
:10781000070008B9012000E0002050B900BF502047
:1078200080F31188BFF34F8FBFF36F8F00BF00BF8E
:10783000FEE74046BDE8F081600100206C010020B9
:1078400064010020580100206801002006480068FB
:1078500030B10549096801F14800896C491C016093
:1078600001480068704700001C010020001F4FF015
:1078700080730360001F21F001030360001F034BAE
:107880000360143802602038704700005176000809
:1078900001460020022902D0042912D108E00A4A38
:1078A0001268526A10B20022074B1B685A6209E044
:1078B000064A1268526A10B20022044B1B685A62D0
:1078C00000E000BF00BF7047E804002078050020FA
:1078D00070B504460D46164605488461C561C6620A
:1078E0000146C86A0349F8F789FE0149086370BD7B
:1078F000A00B002000004843014988847047000025
:10790000A00B00200149888670470000A00B0020D2
:1079100010B5044634B900224FF400410448FAF788
:10792000EFFB04E00122D1030148FAF7E9FB10BDA7
:107930000008014010B5044634B900224FF48051CC
:107940000448FAF7DDFB04E0012211030148FAF7CD
:10795000D7FB10BD0008014000B97047B0F94410D2
:10796000002906DDB0F84410C83109B2A0F844106F
:1079700005E0B0F84410C83909B2A0F84410B0F9D5
:107980004610002906DDB0F84610C83109B2A0F84B
:10799000461005E0B0F84610C83909B2A0F8461004
:1079A00000BFDAE710B504462CB9002220210548B3
:1079B000FAF7A6FB04E0012220210248FAF7A0FB17
:1079C00010BD0000000C014010B504462CB9002287
:1079D00008210548FAF794FB04E001220821024837
:1079E000FAF78EFB10BD0000000C014010B50446F4
:1079F0000CB9012010BD206880470020FAE72DE96E
:107A0000F04104460D4600270026B04614B9012077
:107A1000BDE8F081207C10BB00271DE005F0800050
:107A200018B10120A168884702E00020A1688847BA
:107A30006806050E0120616888477006060EE0683A
:107A400080478046B8F1000F01D046F001060020C3
:107A500061688847781CC7B2082FDFDB70E0207CA4
:107A6000012822D100271DE001206168884705F028
:107A7000800018B10120A168884702E00020A168B9
:107A800088476806050E0020616888477006060E64
:107A9000E06880478046B8F1000F01D046F001064B
:107AA000781CC7B2082FDFDB4AE0207C022822D1F5
:107AB00000271DE005F0800018B10120A16888476B
:107AC00002E00020A16888476806050E0020616872
:107AD00088477006060EE06880478046B8F1000FC0
:107AE00001D046F00106012061688847781CC7B2C2
:107AF000082FDFDB24E0207C032821D100271DE0B4
:107B000000206168884705F0800018B10120A16855
:107B1000884702E00020A16888476806050E01201A
:107B2000616888477006060EE06880478046B8F1B5
:107B3000000F01D046F00106781CC7B2082FDFDB2A
:107B4000304665E72DE9F84F04460025484E0027EA
:107B5000A8460CB9BDE8F88F0220FFF799FE404215
:107B600000B220840420FFF793FE404200B26084FC
:107B7000208C618C084400B2E084B4F92410B4F97C
:107B80002620881AF8F700FF05463A48B0F90000A9
:107B9000F8F7FAFE31460090F8F7FEFC82463146CF
:107BA0004FF07E50F8F7F2FC29460090F8F7F4FC0D
:107BB00083465146F8F798FC8146F8F70CFF00B26F
:107BC0002D4908800846B0F900002A4908802B4852
:107BD000B0F90000F8F7D8FE82462946F8F784FC91
:107BE0008146F8F7F8FE00B2244908800846B0F94B
:107BF000000042F21071884202DD08461F490880E9
:107C00001E48B0F900001E49884203DA4DF6F00024
:107C10001A4908801B49E068F8F730FF04D31A4975
:107C2000E068F8F721FF02D20020144908801248CA
:107C3000B0F90000F8F7A8FE8246E16AF8F7ACFC5C
:107C40008146F8F7C8FE07B20C48B0F90000F8F713
:107C50009BFE8246216BF8F79FFC8146F8F7BBFE3E
:107C60000FFA80F807EB080000B2208500BF71E72B
:107C7000CDCC4C3FFA000020F8000020FC00002092
:107C8000F0D8FFFF00002042000020C210B5012202
:107C900002210848FAF734FA002401E000BF641C0E
:107CA000B4F5346FFAD3002202210248FAF728FA19
:107CB00010BD0000000C01402DE9F04104460025F4
:107CC00000260CB9BDE8F081B4F93400F8F75CFE89
:107CD0008046E16BF8F760FC0746F8F77CFE05B2DA
:107CE000B4F90400F8F750FE8046216CF8F754FC14
:107CF0000746F8F770FE06B2A81900B2208700BF49
:107D0000E0E70000FEB504460E46154601F050F9C6
:107D100001281AD04FF0FF311248006800F038FFF8
:107D200001281ED1801E0121CDE900510290610081
:107D3000012332460C48FAF7D7FA00231A461946AF
:107D40000848006800F020FD0BE04FF0FF300121F3
:107D5000CDE9005102906100012332460248FAF752
:107D6000C3FAFEBD180000204C040020FEB50446F6
:107D70000F4615461E4601F01BF9012819D04FF099
:107D8000FF311248006800F003FF01281CD1801E5B
:107D9000610001233A46CDE9005602900C48FAF7FB
:107DA000A3FA00231A4619460848006800F0ECFCC4
:107DB0000AE04FF0FF30610001233A46CDE900565A
:107DC00002900348FAF790FAFEBD00001800002068
:107DD0004C040020FEB504460E46154601F0E8F8B6
:107DE00001281AD04FF0FF311248006800F0D0FE91
:107DF00001281ED1801E0121CDE9005102906100B1
:107E0000012332460C48FAF721FC00231A46194692
:107E10000848006800F0B8FC0BE04FF0FF3001218B
:107E2000CDE9005102906100012332460248FAF781
:107E30000DFCFEBD180000204C0400201FB50020E2
:107E40000090019002900390002400BFFEF70CFE0A
:107E500011E0FEF713F9FEF7D9FD601C84B220464D
:107E600004EBD0714910A4EB410109B9FFF70EFFF3
:107E70000A2000F073F9ECE770B506460D4600F0F5
:107E80008BF818480068C06C88B90120154909684A
:107E900081F850005DB101212846FFF7C5F84FF089
:107EA000805011490860BFF34F8FBFF36F8F00F010
:107EB0009DF800F071F80B480068C46C4CB126B115
:107EC000002008490968C86403E0601E0549096884
:107ED000C86400200349096881F8500000F086F862
:107EE000204670BD1C01002004ED00E001460A6937
:107EF000D1E901309860D1E90103586050688842A7
:107F000001D188685060002008611068401E106030
:107F100010687047034B0360034B0B6080231360B2
:107F20007047000084010020D801002000F1080102
:107F300041604FF0FF31816000F10801C1600161D3
:107F400000210160704700210161704710B50246B1
:107F50000B685C1C0CB9106907E002F1080000E036
:107F60004068446824689C42FAD944684C604C6874
:107F7000A160886041600A611468641C146010BDCF
:107F800042684A6093688B609368596091600861A9
:107F900003685B1C0360704700BF502080F31188AA
:107FA000BFF34F8FBFF36F8F00BF0E480068401CB8
:107FB0000C49086008460068012812D10A48006888
:107FC000C0B208B9012000E0002050B900BF502025
:107FD00080F31188BFF34F8FBFF36F8F00BF00BFD7
:107FE000FEE770477001002004ED00E00D480068D6
:107FF00050B900BF502080F31188BFF34F8FBFF3FB
:108000006F8F00BF00BFFEE706480068401E0549AD
:1080100008600846006820B9002080F3118800BF7E
:1080200000BF70477001002070B506463546002E2F
:108030003FD0083D2C461F4960680968084008B1D8
:10804000012000E0002050B900BF502080F31188CB
:10805000BFF34F8FBFF36F8F00BF00BFFEE72068F5
:1080600008B9012000E0002050B900BF502080F383
:108070001188BFF34F8FBFF36F8F00BF00BFFEE7C4
:108080000C4960680968084098B1206888B90949B6
:10809000606809688843606000F006FA0649606815
:1080A00009680844044908602046FFF717FA01F000
:1080B00047F970BD6C0100206401002000204FF0E2
:1080C000E02108618861064800684FF47A71B0FBCE
:1080D000F1F0401E4FF0E021486107200861704731
:1080E0002800002070B5F8F755F80446102C16D378
:1080F00004F1E02090F8F05315480078854201DB48
:10810000012000E0002050B900BF502080F311880A
:10811000BFF34F8FBFF36F8F00BF00BFFEE70D4867
:10812000006800F4E0600C490968884201D8012029
:1081300000E0002050B900BF502080F31188BFF349
:108140004F8FBFF36F8F00BF00BFFEE770BD000011
:10815000740100200CED00E07801002070B50446A9
:108160000025D4B11248006808B9012000E00020C1
:1081700050B900BF502080F31188BFF34F8FBFF379
:108180006F8F00BF00BFFEE700F08EF90021204690
:10819000FEF74AFF01F0D4F805463DB94FF0805094
:1081A00004490860BFF34F8FBFF36F8F70BD0000AD
:1081B0005401002004ED00E003490968016003490F
:1081C0000968416070470000440100203001002030
:1081D0000120014908607047400100202DE9F0416D
:1081E00005460F4655B900BF502080F31188BFF3F4
:1081F0004F8FBFF36F8F00BF00BFFEE7FFF772FF27
:108200002C4600BF5021EFF3118081F31188BFF39A
:108210004F8FBFF36F8F00BF064694F85080022047
:1082200084F85000E06C401CE064B8F1010F3BD1D1
:10823000A06A08B9012000E0002050B900BF50201A
:1082400080F31188BFF34F8FBFF36F8F00BF00BF64
:10825000FEE718480068A8B9201DFFF747FE94F80C
:108260002C1001208840144909680843124908600D
:10827000E16A01EB8101114A02EB8100211DFFF748
:108280007FFE04E004F118010D48FFF779FE0D4967
:10829000E06A0968C96A884206D917B101203860C6
:1082A00002E001200849086000BF86F3118800BF82
:1082B000BDE8F0815401002034010020240D00208D
:1082C000D80D00201C0100204001002070B504469C
:1082D0000D4654B900BF502080F31188BFF34F8F73
:1082E000BFF36F8F00BF00BFFEE70548016818317C
:1082F0002046FFF72BFE01212846FEF795FE70BDB4
:108300001C0100202DE9F04706460F4634464FF089
:108310000109002E67D0A06C50B900BF502080F337
:108320001188BFF34F8FBFF36F8F00BF00BFFEE711
:10833000606CB84201D23D4600E0656CE06AA8423C
:1083400051D0A06C01284ED128480068844201D049
:10835000012000E0002050B900BF502080F31188B8
:10836000BFF34F8FBFF36F8F00BF00BFFEE7D4F89E
:108370002C80E562A06900F0004010B9C5F107004B
:10838000A06108EB88011A4A02EB8101606988420A
:1083900001D1012000E0002028B3201DFFF7A6FD39
:1083A00078B9E06A00EB8000114951F8200040B92B
:1083B00094F82C10012088400E49096881430D482B
:1083C000016094F82C10012088400A49096808438C
:1083D00008490860E16A01EB8101054A02EB81006E
:1083E000211DFFF7CDFDBDE8F08700001C01002036
:1083F000240D00203401002010B586B00020059027
:10840000049003AA04A905A8FFF784FD0022DDE972
:1084100004101346CDE9002102901CA11D48039AC7
:1084200000F018FD1C4908600846006808B10124E6
:1084300000E00024012C15D100BF502080F31188EA
:10844000BFF34F8FBFF36F8F00BF4FF0FF30134963
:10845000086001201249086000201249086000F0FD
:1084600071F810E0601C08B1012000E0002050B954
:1084700000BF502080F31188BFF34F8FBFF36F8F81
:1084800000BF00BFFEE706B010BD000049444C45E8
:108490000000000051730008500100204C01002032
:1084A000380100203001002002480068401C0149CA
:1084B00008607047540100201D48006818B1012071
:1084C0001C49086032E000201A4908601A48006818
:1084D000B0FA80F0C0F11F0101EB8100174A52F899
:1084E000200008B1012000E0002050B900BF50205A
:1084F00080F31188BFF34F8FBFF36F8F00BF00BFB2
:10850000FEE701EB81020D4B03EB820042685268EB
:10851000426000F108024368934202D14268526807
:1085200042604268D268064B1A6000BF7047000084
:10853000540100204001002034010020240D0020BF
:108540001C0100201CB53849084600780190FF2026
:108550000A4610700846007800909DF8000000F070
:10856000F0009DF80020904201D1012000E00020A1
:1085700050B900BF502080F31188BFF34F8FBFF375
:108580006F8F00BF00BFFEE79DF8000000F05000B5
:10859000264A10700720264A106009E02448006827
:1085A000401E234A10609DF800004006000E009017
:1085B0009DF8000000F080008028EFD01C48006883
:1085C000C0F10700042801D1012000E0002050B9CB
:1085D00000BF502080F31188BFF34F8FBFF36F8F20
:1085E00000BF00BFFEE7124800680002104A10609A
:1085F0001046008800F4E06010600B4A019810708B
:108600000C48006840F470000A4908600846006899
:1086100040F070400860FFF751FD002006490860F7
:10862000F7F782FD00201CBD00E400E0740100208B
:108630007801002020ED00E07001002010B500BF9F
:10864000502080F31188BFF34F8FBFF36F8F00BFAF
:1086500000F0BEFC18B14FF080500449086000BF24
:10866000002080F3118800BF10BD000004ED00E081
:108670002DE9F04104460126002722460021012071
:1086800000F007F805462846FEF776FE2846BDE8C6
:10869000F0812DE9F84305460E4690460DB10120C4
:1086A00000E0002050B900BF502080F31188BFF3D4
:1086B0004F8FBFF36F8F00BF00BFFEE70EB90027DB
:1086C00001E005FB06F707F14800FFF721F8044633
:1086D0005CB104F14809002084F8460043464A464C
:1086E000314628460094FEF755FE2046BDE8F88343
:1086F00070B505460E462C4654B900BF502080F395
:108700001188BFF34F8FBFF36F8F00BF00BFFEE72D
:10871000FFF742FCD4E90F12206801FB0200606001
:108720000020A0632068A060E06B401E226C2168DE
:1087300000FB0210E060FF2084F8440084F845004C
:108740009EB9206908B9012000E00020A8B904F111
:10875000100000F0A9FD80B14FF080500949086079
:10876000BFF34F8FBFF36F8F07E004F11000FFF7E7
:10877000DDFB04F12400FFF7D9FBFFF737FC0120F4
:1087800070BD000004ED00E02DE9FF4383B0064614
:1087900088461D464FF00009344654B900BF5020AA
:1087A00080F31188BFF34F8FBFF36F8F00BF00BFFF
:1087B000FEE7B8F1000F01D1206C08B9012000E0FC
:1087C000002050B900BF502080F31188BFF34F8FB5
:1087D000BFF36F8F00BF00BFFEE7022D02D1E06B39
:1087E000012801D1012000E0002050B900BF502035
:1087F00080F31188BFF34F8FBFF36F8F00BF00BFAF
:10880000FEE700F0D5FB08B9059808B9012000E0A3
:10881000002050B900BF502080F31188BFF34F8F64
:10882000BFF36F8F00BF00BFFEE700BFFFF7B4FBD1
:10883000A06BE16B884201D3022D28D12A46414624
:108840002046FEF7D6FC0746606A08B9012000E022
:10885000002068B904F1240000F026FD88B14FF033
:10886000805032490860BFF34F8FBFF36F8F08E02D
:108870003FB14FF080502D490860BFF34F8FBFF3D9
:108880006F8FFFF7B3FB012007B0BDE8F0830598B9
:1088900018B9FFF7ABFB0020F6E7B9F1000F04D1E0
:1088A00001A8FFF789FC4FF00109FFF79FFBFFF7D5
:1088B000FBFDFFF771FB94F94400401C10B9002048
:1088C00084F8440094F94500401C10B9002084F855
:1088D0004500FFF78BFB05A901A800F035FAF0B9B8
:1088E0002046FEF73CFEA0B104F110000599FFF709
:1088F000EDFC2046FEF7CCFE00F022FD002895D1CD
:108900004FF0805009490860BFF34F8FBFF36F8F5E
:108910008CE72046FEF7BCFE00F012FD86E72046FD
:10892000FEF7B6FE00F00CFD0020ADE704ED00E020
:108930002DE9F05F07468A4690461E463C4654B9EC
:1089400000BF502080F31188BFF34F8FBFF36F8FAC
:1089500000BF00BFFEE7BAF1000F01D1206C08B9DB
:10896000012000E0002050B900BF502080F31188A2
:10897000BFF34F8FBFF36F8F00BF00BFFEE7022E24
:1089800002D1E06B012801D1012000E0002050B9A4
:1089900000BF502080F31188BFF34F8FBFF36F8F5C
:1089A00000BF00BFFEE7FFF79DFB00BF5021EFF3C4
:1089B000118081F31188BFF34F8FBFF36F8F00BF1A
:1089C0000546A06BE16B884201D3022E23D194F9B6
:1089D00045B0324651462046FEF70BFC0BF1010034
:1089E00088B9606A08B9012000E0002080B904F16C
:1089F000240000F059FC58B1B8F1000F08D0012054
:108A0000C8F8000004E00BF1010040B284F8450012
:108A10004FF0010901E04FF0000900BF85F3118814
:108A200000BF4846BDE8F09F2DE9F74183B00546F9
:108A30000E464FF000082C4654B900BF502080F37A
:108A40001188BFF34F8FBFF36F8F00BF00BFFEE7EA
:108A50000EB9206C08B9012000E0002050B900BF19
:108A6000502080F31188BFF34F8FBFF36F8F00BF8B
:108A700000BFFEE700F09CFA08B9059808B901208C
:108A800000E0002050B900BF502080F31188BFF3F0
:108A90004F8FBFF36F8F00BF00BFFEE700BFFFF730
:108AA0007BFAA76BF7B131462046FEF78DFB781EA7
:108AB000A063206908B9012000E0002060B904F13A
:108AC000100000F0F1FB38B14FF080502F490860E2
:108AD000BFF34F8FBFF36F8FFFF788FA012006B007
:108AE000BDE8F081059818B9FFF780FA0020F6E795
:108AF000B8F1000F04D101A8FFF75EFB4FF00108A9
:108B0000FFF774FAFFF7D0FCFFF746FA94F9440038
:108B1000401C10B9002084F8440094F94500401C22
:108B200010B9002084F84500FFF760FA05A901A8F4
:108B300000F00AF9F0B92046FEF704FDA0B104F1F7
:108B400024000599FFF7C2FB2046FEF7A1FD00F0C7
:108B5000F7FB0028A3D14FF080500C490860BFF309
:108B60004F8FBFF36F8F9AE72046FEF791FD00F01D
:108B7000E7FB94E72046FEF78BFD00F0E1FB204683
:108B8000FEF7E0FC00288AD00020A8E704ED00E012
:108B90002DE9F34182B005464FF000082C4600262F
:108BA00054B900BF502080F31188BFF34F8FBFF33B
:108BB0006F8F00BF00BFFEE7206C08B9012000E006
:108BC000002050B900BF502080F31188BFF34F8FB1
:108BD000BFF36F8F00BF00BFFEE700F0E9F908B9EF
:108BE000039808B9012000E0002050B900BF5020D0
:108BF00080F31188BFF34F8FBFF36F8F00BF00BFAB
:108C0000FEE700BFFFF7C8F9A76BFFB1781EA063AE
:108C1000206810B9FEF71AFE6060206908B90120CB
:108C200000E0002060B904F1100000F03DFB38B115
:108C30004FF0805043490860BFF34F8FBFF36F8FF1
:108C4000FFF7D4F9012004B0BDE8F081039898B98A
:108C50000EB9012000E0002050B900BF502080F381
:108C60001188BFF34F8FBFF36F8F00BF00BFFEE7C8
:108C7000FFF7BCF90020E6E7B8F1000F04D1684621
:108C8000FFF79AFA4FF00108FFF7B0F9FFF70CFC75
:108C9000FFF782F994F94400401C10B9002084F8D1
:108CA000440094F94500401C10B9002084F84500A8
:108CB000FFF79CF903A9684600F046F840BB204640
:108CC000FEF740FCF0B1206838B9FFF765F960683D
:108CD00000F086FA0646FFF789F904F124000399AB
:108CE000FFF7F4FA2046FEF7D3FC00F029FB00283A
:108CF00088D14FF0805013490860BFF34F8FBFF306
:108D00006F8F7FE72046FEF7C3FC00F019FB79E781
:108D10002046FEF7BDFC00F013FB2046FEF712FCD8
:108D20000028EED05EB1FFF737F92046FEF7C7FA0C
:108D3000074639466068FFF7E5FAFFF757F9002064
:108D400081E7000004ED00E070B506460C4656B918
:108D500000BF502080F31188BFF34F8FBFF36F8F98
:108D600000BF00BFFEE754B900BF502080F3118858
:108D7000BFF34F8FBFF36F8F00BF00BFFEE7FFF75A
:108D80000BF9184802687068131A1748006890F8C1
:108D9000520030B100201449096881F852000125C1
:108DA0001CE02068401C08B9002517E00F49306816
:108DB0000968884204D07068904201D801250DE00E
:108DC0002068984207D92068C01A20603046FFF713
:108DD000F3F9002502E0002020600125FFF706F9E5
:108DE000284670BD300100201C01002044010020F5
:108DF0002DE9FF4F85B0804689461746DDE912AB65
:108E0000B800FEF785FC064656B15420FEF780FCFC
:108E100004460CB1266304E03046FFF705F900E094
:108E200000248CB1002084F85100CDE900ABCDE9DD
:108E300002403A4649464046089BFEF7BEFA2046A5
:108E4000FEF744F9012501E04FF0FF35284609B04F
:108E5000BDE8F08F2DE9F04F85B007468846914672
:108E60009A46DDE90EB6109C0EB1012000E000200C
:108E700050B900BF502080F31188BFF34F8FBFF36C
:108E80006F8F00BF00BFFEE70CB1012000E00020A3
:108E900050B900BF502080F31188BFF34F8FBFF34C
:108EA0006F8F00BF00BFFEE7542003900398542843
:108EB00001D1012000E0002050B900BF502080F314
:108EC0001188BFF34F8FBFF36F8F00BF00BFFEE766
:108ED000B4B1AEB125462C462E63022085F8510070
:108EE000002004A953464A46CDE900B1CDE902501D
:108EF00041463846FEF761FA2846FEF7E7F801E0FA
:108F000000200490049805B0BDE8F08F70B50646C7
:108F100007253046F7F7A6F9102801D2012000E016
:108F2000002050B900BF502080F31188BFF34F8F4D
:108F3000BFF36F8F00BF00BFFEE7FFF7B5FA00BFBA
:108F40006D1E05EB8501154A02EB81003146FEF7E7
:108F50002FFB044604B101E0002DF1D100BF2CB974
:108F600031460F480068FEF723FB04462CB9314612
:108F70000C480068FEF71CFB044624B931460A4839
:108F8000FEF716FB044624B931460848FEF710FBED
:108F9000044600F0D5F9204670BD0000240D0020E5
:108FA0002001002024010020000E0020EC0D0020F4
:108FB0000549096809B9012005E00449096809B9AA
:108FC000022000E0002070473801002054010020FA
:108FD0002DE9F0414FF0000844480068002877D19F
:108FE00043480068451C4248056015BB414800687D
:108FF000006808B9012000E0002050B900BF5020EF
:1090000080F31188BFF34F8FBFF36F8F00BF00BF96
:10901000FEE738480768384800683649086036482F
:10902000076036480068401C34490860FEF7A6FA1D
:1090300000BF3348006885423CD300BF2D4800681C
:10904000006808B9012000E0002020B14FF0FF3097
:109050002B4908602DE027480068C068C46866682E
:10906000B54202D22648066023E0201DFEF73EFFEF
:10907000A06A18B104F11800FEF738FF94F82C101C
:10908000012088401F49096808431E490860E16AB9
:1090900001EB81011C4A02EB8100211DFEF770FFEC
:1090A0001A49E06A0968C96A8842C7D34FF00108C3
:1090B000C4E700BF15480068C06A00EB8000124991
:1090C00051F82000012801D94FF0010805E0FFE721
:1090D0000F480068401C0E4908600E48006808B13F
:1090E0004FF001084046BDE8F08100005401002027
:1090F0003001002020010020240100204401002034
:109100004C01002034010020240D00201C0100200F
:109110003C0100204001002070B505462C46002689
:10912000002D55D02B480068844201D1012000E079
:10913000002050B900BF502080F31188BFF34F8F3B
:10914000BFF36F8F00BF00BFFEE7A06C50B900BF38
:10915000502080F31188BFF34F8FBFF36F8F00BF94
:1091600000BFFEE7A06C401EA064616CE06A88420C
:109170002ED0A06C60BB201DFEF7B8FE78B9E06A67
:1091800000EB8000144951F8200040B994F82C10ED
:109190000120884011490968814310480160606CD2
:1091A000E062E06AC0F10700A06194F82C10012091
:1091B00088400A490968084308490860E16A01EBE8
:1091C0008101054A02EB8100211DFEF7D9FE01262F
:1091D000304670BD1C010020240D00203401002009
:1091E00070B505462C460026002D54D02B49E06A68
:1091F0000968C96A884247D2A06900F0004028B9CE
:1092000026480068C06AC0F10700A061E16A01EB6E
:109210008101234A02EB81016069884201D101206A
:1092200000E0002050B3201DFEF760FE78B9E06A30
:1092300000EB80001A4951F8200040B994F82C1036
:109240000120884017490968814316480160134886
:109250000068C06AE06294F82C100120884011492F
:10926000096808430F490860E16A01EB81010C4A73
:1092700002EB8100211DFEF783FE03E00748006832
:10928000C06AE062012606E00449606C0968C96AA8
:10929000884200D20126304670BD00001C0100202B
:1092A000240D00203401002070B50646F068C46823
:1092B00054B900BF502080F31188BFF34F8FBFF324
:1092C0006F8F00BF00BFFEE704F11800FEF70EFE2F
:1092D00015480068A8B9201DFEF708FE94F82C1068
:1092E0000120884011490968084310490860E16A73
:1092F00001EB81010E4A02EB8100211DFEF740FEC9
:1093000004E004F118010B48FEF73AFE0A49E06A4E
:109310000968C96A884204D9012501200749086003
:1093200000E00025284670BD5401002034010020D3
:10933000240D0020D80D00201C0100204001002039
:1093400070B5002400263648006850B900BF502090
:1093500080F31188BFF34F8FBFF36F8F00BF00BF43
:10936000FEE7FEF719FE2E480068401E2C490860F3
:109370000846006800284FD12A48006800284BD0D2
:1093800024E02948C068C46804F11800FEF7AEFD67
:10939000201DFEF7ABFD94F82C10012088402349D6
:1093A0000968084321490860E16A01EB8101204A0C
:1093B00002EB8100211DFEF7E3FD1E49E06A09680A
:1093C000C96A884202D301201B4908601648006818
:1093D00008B9012000E000200028D2D00CB1FEF72F
:1093E000CDF81648056865B100BFFFF7F1FD10B173
:1093F0000120114908606D1E002DF6D100200F4993
:1094000008600D48006838B1012630070C49086033
:10941000BFF34F8FBFF36F8FFEF7E8FD304670BD8F
:10942000540100202C010020D80D00203401002020
:10943000240D00201C010020400100203C010020E0
:1094400004ED00E0F0950008C5530008000000009E
:10945000000000008000000000000000000000008C
:109460001C960008296600080300000000000000A8
:1094700080000000000000000000000014960008BA
:109480003D7E000800000000000000008000000099
:109490000000000000000000FC950008C9640008FE
:1094A000020000000000000080000000000000003A
:1094B0000000000008960008456F00080200000048
:1094C000000000008000000000000000000000001C
:1094D0002C960008C168000802000000000000008F
:1094E00080000000000000000000000000000000FC
:1094F0000000000001020304060708090000000044
:109500000102030411223344551122334455000053
:109510004FBB610567ACDD3F182D4454FB21E93F8B
:109520009BF681D20B73EF3F182D4454FB21F93F7A
:10953000E2652F227F2B7A3C075C143326A6813C00
:10954000BDCBF07A8807703C075C143326A6913CAB
:10955000C4EB98999999C9BF711623FEC671BCBF17
:109560006D9A74AFF2B0B3BF9AFDDE522DDEADBF7F
:109570002F6C6A2C44B4A2BF0D5555555555D53F97
:10958000FF8300922449C23F6E204CC5CD45B73FB2
:10959000513DD0A0660DB13FEB0D76244B7BA93F2A
:1095A00011DA22E33AAD903F000000000000000015
:1095B000DDDDDDDDDCBBBBDDDDDDDDDDDDDDDDDD20
:1095C0009888888888888888777777777788888860
:1095D00085555556666666666666666666688888F8
:1095E0008333333222222222222222222228888DF1
:1095F00064656661756C745461736B00626C655F61
:109600007461736B000000006E72665F7461736B4F
:109610000000000075695F7461736B00636F6E74A6
:10962000726F6C5F7461736B000000006573705F34
:109630007461736B00000000589600080000002061
:109640008401000094100008949600088401002012
:10965000943800009C5E000801203210420113245F
:10966000F413416F1408C9791B08A50413F9694262
:10967000082AAA01011E36E04D62503F2DC07493A6
:1096800068082DE051B89E080130094648017D1A4E
:04969000AA0101101A
:04000005080000ED02
:00000001FF
